price,latitude,longitude,homeStatus,zestimate,rentZestimate,detailUrl,address
178000.0,30.15635,-94.18834,FOR_SALE,179200,1548,/homedetails/7340-Pleasant-Bend-Dr-Beaumont-TX-77708/50365038_zpid/,"7340 Pleasant Bend Dr, Beaumont, TX 77708"
745000.0,33.069355,-97.06338,FOR_SALE,748700,4119,/homedetails/2213-Waterford-Dr-Flower-Mound-TX-75028/27301367_zpid/,"2213 Waterford Dr, Flower Mound, TX 75028"
345000.0,30.51088,-97.733025,FOR_SALE,346600,2400,/homedetails/402-Arrow-Head-Round-Rock-TX-78681/29551740_zpid/,"402 Arrow Head, Round Rock, TX 78681"
260000.0,29.43111,-98.670586,FOR_SALE,260100,1634,/homedetails/9419-Quicksilver-Dr-San-Antonio-TX-78245/26366509_zpid/,"9419 QUICKSILVER DR, San Antonio, TX 78245"
329000.0,29.390453,-98.46359,FOR_SALE,327000,1800,/homedetails/2215-Saint-Anthony-Ave-San-Antonio-TX-78210/26212404_zpid/,"2215 SAINT ANTHONY AVE, San Antonio, TX 78210"
270000.0,29.562464,-98.32195,FOR_SALE,270400,1669,/homedetails/13603-Oak-Breeze-Universal-City-TX-78148/26173513_zpid/,"13603 OAK BREEZE, Universal City, TX 78148"
214900.0,32.437946,-99.77598,FOR_SALE,213800,1566,/homedetails/4074-Fairmount-St-Abilene-TX-79605/53343643_zpid/,"4074 Fairmount St, Abilene, TX 79605"
720000.0,33.084515,-97.21527,FOR_SALE,720800,2850,/homedetails/7009-Broomsedge-Dr-Argyle-TX-76226/249588603_zpid/,"7009 Broomsedge Dr, Argyle, TX 76226"
375000.0,32.877,-97.20594,FOR_SALE,378500,2323,/homedetails/7020-Cook-Cir-North-Richland-Hills-TX-76182/29238831_zpid/,"7020 Cook Cir, North Richland Hills, TX 76182"
300000.0,30.019688,-95.31509,FOR_SALE,299800,2285,/homedetails/7250-Foxshadows-Ln-Humble-TX-77338/62594815_zpid/,"7250 Foxshadows Ln, Humble, TX 77338"
275000.0,29.42294,-98.70644,FOR_SALE,270900,1698,/homedetails/907-Stable-Glen-Dr-San-Antonio-TX-78245/89613940_zpid/,"907 Stable Glen Dr, San Antonio, TX 78245"
235000.0,32.020977,-97.11967,FOR_SALE,233600,1564,/homedetails/120-Trinity-St-Hillsboro-TX-76645/87335083_zpid/,"120 Trinity St, Hillsboro, TX 76645"
265000.0,30.337893,-95.548294,FOR_SALE,264400,1949,/homedetails/4202-Roaring-Timber-Ct-Conroe-TX-77304/246928163_zpid/,"4202 Roaring Timber Ct, Conroe, TX 77304"
318000.0,29.975216,-95.23803,FOR_SALE,318200,2951,/homedetails/1923-Cascade-House-Dr-Humble-TX-77396/97601317_zpid/,"1923 Cascade House Dr, Humble, TX 77396"
220000.0,29.657875,-98.0533,FOR_SALE,,,/homedetails/312-Sauder-Farms-Rd-New-Braunfels-TX-78130/82756543_zpid/,"312 SAUDER FARMS RD, New Braunfels, TX 78130"
1189999.0,30.158024,-98.08571,FOR_SALE,,,/homedetails/1647-Trebled-Waters-Trl-Driftwood-TX-78619/122188868_zpid/,"1647 Trebled Waters Trl, Driftwood, TX 78619"
425000.0,33.257397,-96.90324,FOR_SALE,424400,2717,/homedetails/1429-Trace-Dr-Aubrey-TX-76227/336795391_zpid/,"1429 Trace Dr, Aubrey, TX 76227"
309900.0,29.653423,-95.495834,FOR_SALE,309300,2410,/homedetails/6003-Beaudry-Dr-Houston-TX-77035/28075192_zpid/,"6003 Beaudry Dr, Houston, TX 77035"
299000.0,32.653206,-97.17011,FOR_SALE,,,/homedetails/3900-Woodruff-Ct-Arlington-TX-76017/28981111_zpid/,"3900 Woodruff Ct, Arlington, TX 76017"
599000.0,30.504423,-97.74366,FOR_SALE,,,/homedetails/9016-Marthas-Dr-Austin-TX-78717/29577464_zpid/,"9016 Marthas Dr, Austin, TX 78717"
295000.0,32.659416,-96.864586,FOR_SALE,295600,1880,/homedetails/2934-Cowboy-Dr-Dallas-TX-75237/67962711_zpid/,"2934 Cowboy Dr, Dallas, TX 75237"
185000.0,29.548536,-98.459816,FOR_SALE,176600,1752,/homedetails/2233-Lotus-Blossom-St-San-Antonio-TX-78247/26304016_zpid/,"2233 LOTUS BLOSSOM ST, San Antonio, TX 78247"
309900.0,32.930576,-96.61481,FOR_SALE,312300,1994,/homedetails/1230-Delores-Dr-Garland-TX-75040/27004975_zpid/,"1230 Delores Dr, Garland, TX 75040"
239990.0,29.522942,-98.68048,FOR_SALE,240100,1509,/homedetails/9011-Fromage-San-Antonio-TX-78250/26465763_zpid/,"9011 FROMAGE, San Antonio, TX 78250"
600000.0,33.128193,-97.081055,FOR_SALE,602400,3800,/homedetails/3510-Buckingham-Dr-Corinth-TX-76210/55150301_zpid/,"3510 Buckingham Dr, Corinth, TX 76210"
220000.0,29.503826,-94.991905,FOR_SALE,220800,2005,/homedetails/4415-15th-St-Bacliff-TX-77518/27644592_zpid/,"4415 15th St, Bacliff, TX 77518"
675000.0,30.18226,-97.85948,FOR_SALE,682000,3750,/homedetails/10313-Trout-Cv-Austin-TX-78749/29507655_zpid/,"10313 Trout Cv, Austin, TX 78749"
265000.0,32.925507,-96.60957,FOR_SALE,,,/homedetails/1609-Whiteoak-Dr-Garland-TX-75040/27036333_zpid/,"1609 Whiteoak Dr, Garland, TX 75040"
689900.0,32.80805,-96.756294,FOR_SALE,698000,3499,/homedetails/5904-Junius-St-Dallas-TX-75214/26685856_zpid/,"5904 Junius St, Dallas, TX 75214"
244999.0,29.4268,-98.6644,FOR_SALE,244700,1798,/homedetails/806-Las-Puertas-San-Antonio-TX-78245/58248129_zpid/,"806 LAS PUERTAS, San Antonio, TX 78245"
699800.0,32.88999,-97.16749,FOR_SALE,704300,4807,/homedetails/5513-Oak-Top-Dr-Colleyville-TX-76034/29051220_zpid/,"5513 Oak Top Dr, Colleyville, TX 76034"
279900.0,30.076708,-95.20372,FOR_SALE,278900,2049,/homedetails/5322-Creek-Shadows-Dr-Humble-TX-77339/28369065_zpid/,"5322 Creek Shadows Dr, Humble, TX 77339"
1650000.0,30.25549,-97.778885,FOR_SALE,,,/homedetails/1814-Airole-Way-Austin-TX-78704/29324437_zpid/,"1814 Airole Way, Austin, TX 78704"
349930.0,33.06849,-97.57191,FOR_SALE,,,/homedetails/104-Birch-Forest-Ln-Boyd-TX-76023/2055766276_zpid/,"104 Birch Forest Ln, Boyd, TX 76023"
250000.0,29.15556,-98.18588,FOR_SALE,254800,2194,/homedetails/185-Lark-Hill-Rd-Floresville-TX-78114/220766369_zpid/,"185 LARK HILL RD, Floresville, TX 78114"
335000.0,29.593653,-98.39361,FOR_SALE,335700,2264,/homedetails/15835-Colton-Wl-San-Antonio-TX-78247/26426174_zpid/,"15835 Colton Well, San Antonio, TX 78247"
679000.0,33.070766,-97.06322,FOR_SALE,680800,3300,/homedetails/2220-Waterstone-Trl-Flower-Mound-TX-75028/125713031_zpid/,"2220 Waterstone Trl, Flower Mound, TX 75028"
339900.0,33.004482,-96.87852,FOR_SALE,347900,2275,/homedetails/2008-Chatsworth-Rd-Carrollton-TX-75007/27329035_zpid/,"2008 Chatsworth Rd, Carrollton, TX 75007"
235000.0,30.761402,-98.22789,FOR_SALE,,,/homedetails/106-E-Johnson-St-Burnet-TX-78611/90293954_zpid/,"106 E Johnson Street, Burnet, TX 78611"
360000.0,30.642761,-97.866234,FOR_SALE,360100,2149,/homedetails/212-Tequilana-Pass-Leander-TX-78641/331485009_zpid/,"212 Tequilana Pass, Leander, TX 78641"
155950.0,29.957293,-93.92952,FOR_SALE,139400,1552,/homedetails/5520-Grant-Ave-Groves-TX-77619/50380220_zpid/,"5520 Grant Ave, Groves, TX 77619"
4600000.0,32.311054,-97.37219,FOR_SALE,,29354,/homedetails/2532-S-Highway-171-Cleburne-TX-76031/325802418_zpid/,"2532 S Highway 171, Cleburne, TX 76031"
499990.0,29.427189,-98.76926,FOR_SALE,499200,2984,/homedetails/506-Lucrezia-San-Antonio-TX-78253/122501466_zpid/,"506 LUCREZIA, San Antonio, TX 78253"
318000.0,30.509068,-97.65669,FOR_SALE,,,/homedetails/616-Lookout-Tree-Ln-Round-Rock-TX-78664/89660427_zpid/,"616 Lookout Tree Ln, Round Rock, TX 78664"
380000.0,32.913338,-97.40852,FOR_SALE,379700,2594,/homedetails/10500-Katalpa-Dr-Fort-Worth-TX-76179/2060202824_zpid/,"10500 Katalpa Dr, Fort Worth, TX 76179"
429900.0,29.950224,-97.885956,FOR_SALE,,,/homedetails/922-Silo-St-San-Marcos-TX-78666/303838955_zpid/,"922 Silo St, San Marcos, TX 78666"
499000.0,29.525133,-98.43926,FOR_SALE,498700,2800,/homedetails/9403-Forest-Oak-Dr-San-Antonio-TX-78217/26298270_zpid/,"9403 FOREST OAK DR, San Antonio, TX 78217"
769000.0,30.464052,-97.55789,FOR_SALE,769200,3545,/homedetails/19916-Isle-Of-Glass-St-Pflugerville-TX-78660/251030218_zpid/,"19916 Isle Of Glass St, Pflugerville, TX 78660"
305000.0,30.046837,-95.42199,FOR_SALE,303900,2199,/homedetails/602-Turley-St-Spring-TX-77373/28112118_zpid/,"602 Turley St, Spring, TX 77373"
290000.0,29.435995,-98.808,FOR_SALE,289800,1980,/homedetails/254-Reeves-Gdn-San-Antonio-TX-78253/116396913_zpid/,"254 Reeves Garden, San Antonio, TX 78253"
330000.0,32.476185,-97.18543,FOR_SALE,,,/homedetails/8401-Kelly-Ln-Alvarado-TX-76009/28648088_zpid/,"8401 Kelly Ln, Alvarado, TX 76009"
295000.0,29.440544,-95.1072,FOR_SALE,294900,2100,/homedetails/6878-Catalpa-Bluff-Ln-Dickinson-TX-77539/122934270_zpid/,"6878 Catalpa Bluff Ln, Dickinson, TX 77539"
299900.0,32.550884,-97.329,FOR_SALE,299600,2244,/homedetails/212-NE-Murphy-Rd-Burleson-TX-76028/28630580_zpid/,"212 NE Murphy Rd, Burleson, TX 76028"
345000.0,32.904686,-97.25929,FOR_SALE,345300,2312,/homedetails/9121-Quarry-Ridge-Trl-Fort-Worth-TX-76244/89543730_zpid/,"9121 Quarry Ridge Trl, Fort Worth, TX 76244"
360000.0,32.73328,-96.29262,FOR_SALE,,,/homedetails/116-Brooks-Dr-Terrell-TX-75160/209205249_zpid/,"116 Brooks Dr, Terrell, TX 75160"
215000.0,29.365654,-98.63584,FOR_SALE,214300,1639,/homedetails/6903-Hallie-Rdg-San-Antonio-TX-78227/80020364_zpid/,"6903 HALLIE RIDGE, San Antonio, TX 78227"
610000.0,29.19598,-98.31125,FOR_SALE,611100,3714,/homedetails/222-Broken-Arrow-Floresville-TX-78114/78925532_zpid/,"222 BROKEN ARROW, Floresville, TX 78114"
348000.0,30.14022,-97.7692,FOR_SALE,349800,2297,/homedetails/5621-Silver-Screen-Dr-Austin-TX-78747/79982335_zpid/,"5621 Silver Screen Dr, Austin, TX 78747"
220000.0,29.298756,-98.21819,FOR_SALE,220400,1512,/homedetails/157-Spring-Valley-Dr-Adkins-TX-78101/78930259_zpid/,"157 SPRING VALLEY DR, Adkins, TX 78101"
675000.0,33.24639,-96.687096,FOR_SALE,,,/homedetails/5400-Grove-Cove-Dr-McKinney-TX-75071/125235404_zpid/,"5400 Grove Cove Dr, McKinney, TX 75071"
410000.0,29.564222,-98.40924,FOR_SALE,409600,1999,/homedetails/13525-Beltway-St-San-Antonio-TX-78217/26369524_zpid/,"13525 BELTWAY ST, San Antonio, TX 78217"
655995.0,32.590343,-96.90175,FOR_SALE,642000,3704,/homedetails/105-Wild-River-Ct-Desoto-TX-75115/125280605_zpid/,"105 Wild River Ct, Desoto, TX 75115"
440000.0,30.58541,-96.11837,FOR_SALE,,1008,/homedetails/9518-County-Road-190-Anderson-TX-77830/338446602_zpid/,"9518 County Road 190, Anderson, TX 77830"
250000.0,31.69974,-106.258156,FOR_SALE,,1650,/homedetails/12229-Kingsgate-Ct-Socorro-TX-79928/79923597_zpid/,"12229 Kingsgate Ct, Socorro, TX 79928"
290000.0,32.573547,-97.29685,FOR_SALE,,,/homedetails/1248-Camden-Yard-Dr-Burleson-TX-76028/79947111_zpid/,"1248 Camden Yard Dr, Burleson, TX 76028"
95000.0,29.30453,-100.415726,FOR_SALE,92700,999,/homedetails/101-Avenida-Juarez-Rd-Brackettville-TX-78832/193933407_zpid/,"101 Avenida Juarez Rd, Brackettville, TX 78832"
300000.0,32.603695,-97.316734,FOR_SALE,300400,2500,/homedetails/213-Wolf-Mountain-Ln-Fort-Worth-TX-76140/79924470_zpid/,"213 Wolf Mountain Ln, Fort Worth, TX 76140"
184900.0,31.900488,-98.61091,FOR_SALE,181600,1495,/homedetails/607-W-College-Ave-Comanche-TX-76442/87240010_zpid/,"607 W College Ave, Comanche, TX 76442"
215000.0,29.923466,-95.58218,FOR_SALE,215600,1800,/homedetails/10919-Indian-Vista-Dr-Houston-TX-77064/28339052_zpid/,"10919 Indian Vista Dr, Houston, TX 77064"
310000.0,29.968971,-97.84649,FOR_SALE,311000,2149,/homedetails/236-Tower-Dr-Kyle-TX-78640/111963559_zpid/,"236 Tower Dr, Kyle, TX 78640"
544990.0,32.77963,-96.42456,FOR_SALE,,,/homedetails/1941-Knoxbridge-Rd-Forney-TX-75126/209206966_zpid/,"1941 Knoxbridge Rd, Forney, TX 75126"
379000.0,32.845715,-97.1681,FOR_SALE,380800,2500,/homedetails/201-W-Louella-Dr-Hurst-TX-76054/29028090_zpid/,"201 W Louella Dr, Hurst, TX 76054"
274900.0,29.611742,-95.724075,FOR_SALE,275300,1900,/homedetails/1018-Holly-Hall-Dr-Richmond-TX-77406/27563505_zpid/,"1018 Holly Hall Dr, Richmond, TX 77406"
165000.0,29.382105,-98.462776,FOR_SALE,164200,1539,/homedetails/130-Frances-Jean-Dr-San-Antonio-TX-78223/26226801_zpid/,"130 FRANCES JEAN DR, San Antonio, TX 78223"
299900.0,30.13754,-97.55195,FOR_SALE,,,/homedetails/116-N-Mockingbird-Cir-Cedar-Creek-TX-78612/84380940_zpid/,"116 N Mockingbird Cir, Cedar Creek, TX 78612"
248500.0,30.062166,-95.57123,FOR_SALE,248200,1794,/homedetails/10215-Berrypatch-Ln-Tomball-TX-77375/68409355_zpid/,"10215 Berrypatch Ln, Tomball, TX 77375"
310000.0,33.529858,-101.96554,FOR_SALE,309100,2257,/homedetails/6916-70th-St-Lubbock-TX-79424/242741219_zpid/,"6916 70th St, Lubbock, TX 79424"
279900.0,29.592592,-98.37339,FOR_SALE,279400,1650,/homedetails/5922-Oak-Run-St-San-Antonio-TX-78247/26427834_zpid/,"5922 OAK RUN ST, San Antonio, TX 78244"
330000.0,30.534575,-97.53396,FOR_SALE,330400,2394,/homedetails/214-Creek-Hollow-Dr-Hutto-TX-78634/331489302_zpid/,"214 Creek Hollow Dr, Hutto, TX 78634"
440000.0,32.94744,-96.74202,FOR_SALE,,,/homedetails/624-Scottsdale-Dr-Richardson-TX-75080/27169707_zpid/,"624 Scottsdale Dr, Richardson, TX 75080"
329900.0,29.819859,-95.27949,FOR_SALE,329200,2205,/homedetails/8037-Saint-Louis-St-Houston-TX-77028/97605094_zpid/,"8037 Saint Louis St, Houston, TX 77028"
350000.0,31.794947,-97.076225,FOR_SALE,285700,1800,/homedetails/11442-Heritage-Pkwy-West-TX-76691/112177355_zpid/,"11442 Heritage Pkwy, West, TX 76691"
135000.0,29.403597,-98.46883,FOR_SALE,132400,1294,/homedetails/534-Essex-St-San-Antonio-TX-78210/26116943_zpid/,"534 ESSEX ST, San Antonio, TX 78210"
260000.0,29.956156,-95.510414,FOR_SALE,259800,1800,/homedetails/6315-Lost-Timber-Ln-Houston-TX-77066/112156589_zpid/,"6315 Lost Timber Ln, Houston, TX 77066"
205000.0,31.08546,-97.36551,FOR_SALE,204100,1394,/homedetails/1609-S-35th-St-Temple-TX-76504/64688380_zpid/,"1609 S 35th St, Temple, TX 76504"
240000.0,29.584146,-95.51423,FOR_SALE,240000,1749,/homedetails/16714-Quail-View-Ct-Missouri-City-TX-77489/27592650_zpid/,"16714 Quail View Ct, Missouri City, TX 77489"
255000.0,30.504202,-97.82453,FOR_SALE,253100,2142,/homedetails/401-Buttercup-Creek-Blvd-UNIT-1004-Cedar-Park-TX-78613/88018439_zpid/,"401 Buttercup Creek Blvd UNIT 1004, Cedar Park, TX 78613"
429500.0,33.110847,-96.6437,FOR_SALE,,,/homedetails/1107-Thoreau-Ln-Allen-TX-75002/26621118_zpid/,"1107 Thoreau Ln, Allen, TX 75002"
274900.0,30.032255,-95.79738,FOR_SALE,274400,1994,/homedetails/24018-Thistle-Star-Ln-Hockley-TX-77447/305347656_zpid/,"24018 Thistle Star Ln, Hockley, TX 77447"
175000.0,31.114346,-97.88481,FOR_SALE,,,/homedetails/1201-E-Robertson-Ave-Copperas-Cove-TX-76522/78800804_zpid/,"1201 E Robertson Ave, Copperas Cove, TX 76522"
467000.0,32.916534,-96.921364,FOR_SALE,459100,3122,/homedetails/1735-Wittington-Pl-APT-2302-Dallas-TX-75234/2056230613_zpid/,"1735 Wittington Pl APT 2302, Dallas, TX 75234"
315000.0,29.521345,-98.666306,FOR_SALE,,,/homedetails/8554-Donegal-St-San-Antonio-TX-78254/26432824_zpid/,"8554 DONEGAL ST, San Antonio, TX 78254"
300000.0,32.966022,-96.8644,FOR_SALE,301600,2481,/homedetails/2669-Via-Del-Mar-Plz-Carrollton-TX-75006/26951561_zpid/,"2669 Via Del Mar Plz, Carrollton, TX 75006"
279900.0,29.940727,-95.255585,FOR_SALE,280100,1830,/homedetails/9306-Reflections-Path-Way-Humble-TX-77396/80576458_zpid/,"9306 Reflections Path Way, Humble, TX 77396"
298000.0,29.557005,-98.61019,FOR_SALE,297200,1900,/homedetails/6235-Sunset-Haven-St-San-Antonio-TX-78249/26380133_zpid/,"6235 SUNSET HAVEN ST, San Antonio, TX 78249"
240000.0,32.66624,-96.80118,FOR_SALE,241200,1791,/homedetails/6810-Balalaika-Rd-Dallas-TX-75241/26823474_zpid/,"6810 Balalaika Rd, Dallas, TX 75241"
299000.0,29.557156,-98.65057,FOR_SALE,298700,2050,/homedetails/8411-Parkdale-Cv-San-Antonio-TX-78249/80031149_zpid/,"8411 Parkdale Cove, San Antonio, TX 78249"
355000.0,29.578506,-98.42663,FOR_SALE,307200,2037,/homedetails/3603-Woodrose-Cir-San-Antonio-TX-78247/26461450_zpid/,"3603 WOODROSE CIR, San Antonio, TX 78247"
424000.0,29.575972,-98.5242,FOR_SALE,,,/homedetails/14711-Churchill-Estates-Blvd-San-Antonio-TX-78248/26399244_zpid/,"14711 Churchill Estates Blvd, San Antonio, TX 78248"
258900.0,32.756943,-97.45788,FOR_SALE,259600,1650,/homedetails/424-Kimbrough-St-Fort-Worth-TX-76108/29040920_zpid/,"424 Kimbrough St, Fort Worth, TX 76108"
450000.0,32.77218,-96.46639,FOR_SALE,449100,2964,/homedetails/605-Fm-740-N-Forney-TX-75126/28668744_zpid/,"605 Fm 740 N, Forney, TX 75126"
400000.0,33.20719,-96.65002,FOR_SALE,402700,2297,/homedetails/901-Austin-Ln-McKinney-TX-75071/60307783_zpid/,"901 Austin Ln, McKinney, TX 75071"
325000.0,29.457561,-98.506615,FOR_SALE,322300,1849,/homedetails/807-W-Agarita-Ave-San-Antonio-TX-78212/26216564_zpid/,"807 W AGARITA AVE, San Antonio, TX 78212"
399900.0,30.161995,-95.33472,FOR_SALE,399400,2228,/homedetails/19886-Northfork-Ln-Porter-TX-77365/67662274_zpid/,"19886 Northfork Ln, Porter, TX 77365"
459000.0,29.5259,-98.75697,FOR_SALE,458300,2795,/homedetails/8934-High-Br-San-Antonio-TX-78254/125284084_zpid/,"8934 High Branch, San Antonio, TX 78254"
560000.0,30.691957,-97.724724,FOR_SALE,,,/homedetails/501-Caprock-Canyon-Trl-Georgetown-TX-78633/120772947_zpid/,"501 Caprock Canyon Trl, Georgetown, TX 78633"
391170.0,33.681698,-96.614,FOR_SALE,373800,2500,/homedetails/4901-Sweetbay-Rd-Sherman-TX-75092/2062649926_zpid/,"4901 Sweetbay Rd, Sherman, TX 75092"
279900.0,32.77682,-96.746124,FOR_SALE,274100,1999,/homedetails/4410-Baldwin-St-Dallas-TX-75210/26698632_zpid/,"4410 Baldwin St, Dallas, TX 75210"
114900.0,29.663052,-95.3202,FOR_SALE,113700,1599,/homedetails/6111-Westover-St-Houston-TX-77033/27966903_zpid/,"6111 Westover St, Houston, TX 77033"
568000.0,29.849682,-95.49046,FOR_SALE,565200,3249,/homedetails/5717-Rucio-Ln-Houston-TX-77092/251166239_zpid/,"5717 Rucio Ln, Houston, TX 77092"
309000.0,30.036366,-95.5257,FOR_SALE,309600,2191,/homedetails/17730-Telegraph-Creek-Dr-Spring-TX-77379/28290267_zpid/,"17730 Telegraph Creek Dr, Spring, TX 77379"
635000.0,33.838028,-96.90086,FOR_SALE,632700,2850,/homedetails/41-Annadale-Ln-Gordonville-TX-76245/193047169_zpid/,"41 Annadale Ln, Gordonville, TX 76245"
750000.0,33.265858,-96.90479,FOR_SALE,,,/homedetails/4000-Scout-Ln-Aubrey-TX-76227/333488365_zpid/,"4000 Scout Ln, Aubrey, TX 76227"
1358880.0,27.897707,-97.876144,FOR_SALE,,,/homedetails/5012-County-Road-101-Robstown-TX-78380/2055735053_zpid/,"5012 County Road 101, Robstown, TX 78380"
165000.0,29.638294,-95.23144,FOR_SALE,164900,1625,/homedetails/10226-Aves-St-Houston-TX-77034/28035424_zpid/,"10226 Aves St, Houston, TX 77034"
350000.0,29.53272,-95.04163,FOR_SALE,344100,2540,/homedetails/143-Hidden-Lake-Dr-League-City-TX-77573/27663943_zpid/,"143 Hidden Lake Dr, League City, TX 77573"
324999.0,30.006126,-97.87631,FOR_SALE,,,/homedetails/185-Spring-Branch-Dr-Kyle-TX-78640/55300376_zpid/,"185 Spring Branch Dr, Kyle, TX 78640"
275000.0,30.774595,-94.417496,FOR_SALE,,,/homedetails/306-E-Wheat-St-Woodville-TX-75979/2055766452_zpid/,"306 E Wheat St, Woodville, TX 75979"
485000.0,33.03939,-96.7421,FOR_SALE,493100,3150,/homedetails/2512-Plateau-Dr-Plano-TX-75075/26601305_zpid/,"2512 Plateau Dr, Plano, TX 75075"
275000.0,29.164503,-98.3357,FOR_SALE,273500,1580,/homedetails/150-Country-View-Ln-Floresville-TX-78114/78928026_zpid/,"150 Country View Ln, Floresville, TX 78114"
361315.0,30.075064,-97.79835,FOR_SALE,,,/homedetails/109-Bromeliad-Dr-Buda-TX-78610/2055733944_zpid/,"109 Bromeliad Dr, Buda, TX 78610"
450000.0,33.158417,-96.68769,FOR_SALE,457600,2695,/homedetails/5505-Soapberry-Dr-McKinney-TX-75070/119555234_zpid/,"5505 Soapberry Dr, McKinney, TX 75070"
395000.0,32.52962,-95.63282,FOR_SALE,395400,2163,/homedetails/353-E-Pennsylvania-Ave-Van-TX-75790/75927529_zpid/,"353 E Pennsylvania Ave, Van, TX 75790"
435000.0,29.143305,-98.146454,FOR_SALE,436800,2114,/homedetails/2408-B-St-Floresville-TX-78114/78922962_zpid/,"2408 B ST, Floresville, TX 78114"
265000.0,32.83793,-96.677376,FOR_SALE,267300,2100,/homedetails/2207-Ballycastle-Dr-Dallas-TX-75228/26746334_zpid/,"2207 Ballycastle Dr, Dallas, TX 75228"
499900.0,33.241035,-96.617905,FOR_SALE,502000,3296,/homedetails/4101-Meramac-Dr-McKinney-TX-75071/83747999_zpid/,"4101 Meramac Dr, McKinney, TX 75071"
800000.0,30.54473,-97.80016,FOR_SALE,765000,3533,/homedetails/475-County-Road-180-Leander-TX-78641/29598336_zpid/,"475 County Road 180, Leander, TX 78641"
315000.0,32.703075,-96.62997,FOR_SALE,113500,1795,/homedetails/11420-Long-Hill-Ln-Balch-Springs-TX-75180/2060988634_zpid/,"11420 Long Hill Ln, Balch Springs, TX 75180"
319000.0,29.285463,-94.82782,FOR_SALE,317700,1994,/homedetails/5520-Menard-Ave-Galveston-TX-77551/27699224_zpid/,"5520 Menard Ave, Galveston, TX 77551"
179000.0,32.714394,-97.23233,FOR_SALE,179800,1794,/homedetails/5624-Burton-Ave-Fort-Worth-TX-76119/29061328_zpid/,"5624 Burton Ave, Fort Worth, TX 76119"
259000.0,32.7741,-96.77787,FOR_SALE,259300,2800,/homedetails/2022-Bourbon-St-Dallas-TX-75226/26679344_zpid/,"2022 Bourbon St, Dallas, TX 75226"
799000.0,30.174503,-97.99342,FOR_SALE,,,/homedetails/196-Stoney-Point-Rd-Austin-TX-78737/122188653_zpid/,"196 Stoney Point Rd, Austin, TX 78737"
725000.0,33.19687,-96.76271,FOR_SALE,730900,3200,/homedetails/713-Ely-Ct-McKinney-TX-75072/242104331_zpid/,"713 Ely Ct, McKinney, TX 75072"
149000.0,30.367208,-103.66556,FOR_SALE,,,/homedetails/1202-N-5th-St-Alpine-TX-79830/87180340_zpid/,"1202 N 5th St, Alpine, TX 79830"
515000.0,30.007408,-97.55839,FOR_SALE,516500,1754,/homedetails/348-Rianna-Woods-Dr-Dale-TX-78616/84377158_zpid/,"348 Rianna Woods Dr, Dale, TX 78616"
289000.0,29.41324,-95.007866,FOR_SALE,288200,2199,/homedetails/3309-Hatteras-Dr-Texas-City-TX-77591/304062825_zpid/,"3309 Hatteras Dr, Texas City, TX 77591"
185000.0,30.145168,-96.68309,FOR_SALE,183600,3603,/homedetails/336-Centennial-St-Carmine-TX-78932/87288535_zpid/,"336 Centennial St, Carmine, TX 78932"
199900.0,29.747149,-95.50524,FOR_SALE,,1599,/homedetails/1925-Stoney-Brook-Dr-Houston-TX-77063/2117648264_zpid/,"1925 Stoney Brook Dr, Houston, TX 77063"
170000.0,29.535957,-98.49926,FOR_SALE,169900,1700,/homedetails/339-Tammy-Dr-San-Antonio-TX-78216/26315085_zpid/,"339 TAMMY DR, San Antonio, TX 78216"
629000.0,32.978672,-96.97141,FOR_SALE,647700,3200,/homedetails/713-Greenway-Dr-Coppell-TX-75019/26965238_zpid/,"713 Greenway Dr, Coppell, TX 75019"
270000.0,31.066833,-97.67412,FOR_SALE,,,/homedetails/119-Snake-Dance-Dr-Harker-Heights-TX-76548/58203946_zpid/,"119 Snake Dance Dr, Harker Heights, TX 76548"
210000.0,31.586208,-102.87932,FOR_SALE,,,/homedetails/1202-S-Ike-Ave-Monahans-TX-79756/87582163_zpid/,"1202 S Ike Ave, Monahans, TX 79756"
319999.0,29.579756,-95.56523,FOR_SALE,320700,2250,/homedetails/3815-Grand-Oak-Ct-Missouri-City-TX-77459/82709481_zpid/,"3815 Grand Oak Ct, Missouri City, TX 77459"
185000.0,32.71026,-97.2454,FOR_SALE,143600,1350,/homedetails/5116-E-Berry-St-Fort-Worth-TX-76119/28970594_zpid/,"5116 E Berry St, Fort Worth, TX 76119"
472000.0,33.03288,-96.56046,FOR_SALE,473200,3499,/homedetails/1200-Huntsville-Dr-Wylie-TX-75098/63674820_zpid/,"1200 Huntsville Dr, Wylie, TX 75098"
195000.0,33.565826,-97.83495,FOR_SALE,,,/homedetails/1408-Nugent-St-Bowie-TX-76230/87455088_zpid/,"1408 Nugent St, Bowie, TX 76230"
359000.0,29.79744,-95.78534,FOR_SALE,357900,2350,/homedetails/1726-Charlton-House-Ln-Katy-TX-77493/28469673_zpid/,"1726 Charlton House Ln, Katy, TX 77493"
162000.0,30.77835,-94.405914,FOR_SALE,159800,1594,/homedetails/271-Private-Road-7505-Woodville-TX-75979/304844705_zpid/,"271 Private Road 7505, Woodville, TX 75979"
699000.0,32.932407,-97.2348,FOR_SALE,,,/homedetails/117-Montgomery-Dr-Keller-TX-76248/89533799_zpid/,"117 Montgomery Dr, Keller, TX 76248"
419900.0,32.93451,-96.33184,FOR_SALE,419000,2854,/homedetails/3102-Little-Riv-Royse-City-TX-75189/338218241_zpid/,"3102 Little Riv, Royse City, TX 75189"
245000.0,32.776115,-97.46437,FOR_SALE,245300,1604,/homedetails/1005-Bridle-Ave-White-Settlement-TX-76108/29033889_zpid/,"1005 Bridle Ave, White Settlement, TX 76108"
84455.0,30.855057,-96.997086,FOR_SALE,82900,1150,/homedetails/2304-W-Gillis-Ave-Cameron-TX-76520/87449118_zpid/,"2304 W Gillis Ave, Cameron, TX 76520"
850000.0,32.74701,-96.8323,FOR_SALE,840000,3775,/homedetails/600-Melba-St-Dallas-TX-75208/162195146_zpid/,"600 Melba St, Dallas, TX 75208"
163950.0,31.892145,-106.41976,FOR_SALE,165400,1484,/homedetails/5204-Marcillus-Ave-El-Paso-TX-79924/27440756_zpid/,"5204 Marcillus Ave, El Paso, TX 79924"
499000.0,29.764582,-98.18341,FOR_SALE,420500,2497,/homedetails/1992-Cowan-Dr-New-Braunfels-TX-78132/313224732_zpid/,"1992 COWAN DR, New Braunfels, TX 78132"
399999.0,30.653452,-95.540215,FOR_SALE,396600,1999,/homedetails/2101-Azalea-Cir-Huntsville-TX-77340/90583017_zpid/,"2101 Azalea Cir, Huntsville, TX 77340"
330000.0,32.74636,-96.754745,FOR_SALE,379300,3099,/homedetails/2422-Anderson-St-Dallas-TX-75215/2055897953_zpid/,"2422 Anderson St, Dallas, TX 75215"
195000.0,30.133175,-94.40686,FOR_SALE,124800,1300,/homedetails/980-Lee-St-Sour-Lake-TX-77659/28581938_zpid/,"980 Lee St, Sour Lake, TX 77659"
425000.0,32.958378,-97.07118,FOR_SALE,429200,2500,/homedetails/1822-Dunn-St-Grapevine-TX-76051/29196350_zpid/,"1822 Dunn St, Grapevine, TX 76051"
16500.0,28.98653,-95.96259,FOR_SALE,,649,/homedetails/1721-Avenue-L-St-Bay-City-TX-77414/224921161_zpid/,"1721 Avenue L St, Bay City, TX 77414"
0.0,29.409397,-98.808525,FOR_SALE,,,/community/hunter-s-ranch/30157969_plid/,"Homes Available Soon, Hunter's Ranch"
0.0,29.360344,-98.7875,FOR_SALE,,,/community/hennersby-hollow/30157064_plid/,"Homes Available Soon, Hennersby Hollow"
283000.0,29.980667,-95.45947,FOR_SALE,282200,2399,/homedetails/2343-Weathersfield-Trace-Cir-Houston-TX-77014/84019231_zpid/,"2343 Weathersfield Trace Cir, Houston, TX 77014"
250000.0,32.614967,-97.37852,FOR_SALE,258000,1994,/homedetails/8716-Cove-Meadow-Ln-Fort-Worth-TX-76123/29308066_zpid/,"8716 Cove Meadow Ln, Fort Worth, TX 76123"
165000.0,31.404423,-95.59306,FOR_SALE,164400,935,/homedetails/599-Pine-St-Crockett-TX-75835/87349295_zpid/,"599 Pine St, Crockett, TX 75835"
365000.0,30.62772,-96.35274,FOR_SALE,372500,1934,/homedetails/3805-Oaklawn-St-Bryan-TX-77801/50309386_zpid/,"3805 Oaklawn St, Bryan, TX 77801"
150000.0,28.010098,-97.07534,FOR_SALE,,,/homedetails/1211-Ruby-Allen-St-Rockport-TX-78382/2055747150_zpid/,"1211 Ruby Allen St, Rockport, TX 78382"
375000.0,30.674171,-95.52902,FOR_SALE,371200,2320,/homedetails/518-Evergreen-Dr-Huntsville-TX-77340/90582568_zpid/,"518 Evergreen Dr, Huntsville, TX 77340"
400000.0,30.593334,-96.3132,FOR_SALE,403000,2480,/homedetails/2106-Langford-St-College-Station-TX-77840/50307497_zpid/,"2106 Langford St, College Station, TX 77840"
649900.0,32.87335,-97.16684,FOR_SALE,653400,3942,/homedetails/2721-Montreal-Dr-Hurst-TX-76054/29272649_zpid/,"2721 Montreal Dr, Hurst, TX 76054"
186298.0,30.207592,-95.03977,FOR_SALE,182200,1599,/homedetails/1964-Road-5714-Cleveland-TX-77327/2060835362_zpid/,"1964 Road 5714, Cleveland, TX 77327"
385000.0,29.931225,-95.17754,FOR_SALE,384600,2999,/homedetails/14414-Jessica-Falls-Cir-Houston-TX-77044/84062129_zpid/,"14414 Jessica Falls Cir, Houston, TX 77044"
515000.0,30.63827,-97.63913,FOR_SALE,,,/homedetails/109-Reinhardt-Blvd-Georgetown-TX-78626/29601763_zpid/,"109 Reinhardt Blvd, Georgetown, TX 78626"
579000.0,32.989384,-96.67765,FOR_SALE,585700,2800,/homedetails/2405-Aspen-St-Richardson-TX-75082/26607344_zpid/,"2405 Aspen St, Richardson, TX 75082"
190000.0,29.813704,-95.551575,FOR_SALE,,,/homedetails/2243-Triway-Ln-Houston-TX-77043/2055733495_zpid/,"2243 Triway Ln, Houston, TX 77043"
290000.0,30.842066,-95.3837,FOR_SALE,288000,1300,/homedetails/107-Hill-Top-Rd-Huntsville-TX-77320/90584844_zpid/,"107 Hill Top Rd, Huntsville, TX 77320"
264900.0,29.70749,-95.18651,FOR_SALE,264400,1599,/homedetails/301-Tilden-Dr-Pasadena-TX-77506/27953330_zpid/,"301 Tilden Dr, Pasadena, TX 77506"
173000.0,33.65386,-95.52177,FOR_SALE,172700,1900,/homedetails/3055-Mahaffey-Ln-Paris-TX-75460/78848892_zpid/,"3055 Mahaffey Ln, Paris, TX 75460"
320000.0,29.568274,-95.27435,FOR_SALE,320900,2294,/homedetails/2120-W-Linwood-Oaks-Pearland-TX-77581/26520650_zpid/,"2120 W Linwood Oaks, Pearland, TX 77581"
215000.0,30.748789,-99.23061,FOR_SALE,214900,1800,/homedetails/3015-Mason-Dr-Mesquite-TX-75150/27129444_zpid/,"3015 Mason Dr, Mesquite, TX 75150"
204900.0,32.446033,-99.77906,FOR_SALE,204000,1500,/homedetails/4310-S-5th-St-Abilene-TX-79605/53291267_zpid/,"4310 S 5th St, Abilene, TX 79605"
569000.0,32.955593,-96.47576,FOR_SALE,569300,3375,/homedetails/1370-Shores-Cir-Rockwall-TX-75087/28894234_zpid/,"1370 Shores Cir, Rockwall, TX 75087"
399990.0,32.16099,-95.437675,FOR_SALE,400600,2199,/homedetails/108-Holly-Hill-Ln-Bullard-TX-75757/52323693_zpid/,"108 Holly Hill Ln, Bullard, TX 75757"
69900.0,29.918837,-94.110466,FOR_SALE,182700,2381,/homedetails/9356-Casey-Dr-Beaumont-TX-77705/66985369_zpid/,"9356 Casey Dr, Beaumont, TX 77705"
317000.0,33.566357,-97.84089,FOR_SALE,312700,1550,/homedetails/1117-N-Mason-St-Bowie-TX-76230/231856924_zpid/,"1117 N Mason St, Bowie, TX 76230"
155000.0,33.657513,-95.53289,FOR_SALE,,,/homedetails/2217-Culbertson-St-Paris-TX-75460/78848763_zpid/,"2217 Culbertson St, Paris, TX 75460"
324500.0,33.2091,-96.98107,FOR_SALE,324800,1949,/homedetails/8811-Holliday-Ln-Aubrey-TX-76227/65699032_zpid/,"8811 Holliday Ln, Aubrey, TX 76227"
450000.0,33.01434,-96.49412,FOR_SALE,,,/homedetails/5012-Bennett-Rd-Wylie-TX-75098/26613282_zpid/,"5012 Bennett Rd, Wylie, TX 75098"
475000.0,30.297564,-94.20975,FOR_SALE,475800,3217,/homedetails/92-Mark-Loop-Lumberton-TX-77657/28578911_zpid/,"92 Mark Loop, Lumberton, TX 77657"
400000.0,32.639572,-97.38191,FOR_SALE,400200,2394,/homedetails/4154-Old-Mill-Ct-Fort-Worth-TX-76133/28947675_zpid/,"4154 Old Mill Ct, Fort Worth, TX 76133"
175000.0,32.87422,-96.76135,FOR_SALE,177200,1795,/homedetails/7031-Holly-Hill-Dr-APT-13-Dallas-TX-75231/26738971_zpid/,"7031 Holly Hill Dr APT 13, Dallas, TX 75231"
379000.0,32.967777,-96.6015,FOR_SALE,379800,2384,/homedetails/2416-Acorn-Ct-Sachse-TX-75048/336872086_zpid/,"2416 Acorn Ct, Sachse, TX 75048"
550000.0,30.576887,-97.60016,FOR_SALE,,,/homedetails/6321-Turin-Ln-Round-Rock-TX-78665/337166303_zpid/,"6321 Turin Ln, Round Rock, TX 78665"
220000.0,28.089087,-97.55795,FOR_SALE,,1348,/homedetails/10299-County-Road-2349-Sinton-TX-78387/102560932_zpid/,"10299 County Road 2349, Sinton, TX 78387"
187000.0,30.104101,-93.76698,FOR_SALE,214900,1879,/homedetails/26-Enchanted-Oaks-St-Orange-TX-77630/52856233_zpid/,"26 Enchanted Oaks St, Orange, TX 77630"
425000.0,30.411736,-95.569336,FOR_SALE,424700,2997,/homedetails/5224-Shorewood-Dr-Willis-TX-77318/28745066_zpid/,"5224 Shorewood Dr, Willis, TX 77318"
399999.0,33.05765,-96.26251,FOR_SALE,399100,2020,/homedetails/4621-County-Road-2602-Caddo-Mills-TX-75135/78826640_zpid/,"4621 County Road 2602, Caddo Mills, TX 75135"
220000.0,32.39142,-99.753876,FOR_SALE,219100,1650,/homedetails/2417-Stonecrest-Dr-Abilene-TX-79606/53336814_zpid/,"2417 Stonecrest Dr, Abilene, TX 79606"
2200.0,33.175884,-96.91198,FOR_SALE,359200,2394,/homedetails/1721-Silverwood-Ln-Little-Elm-TX-75068/65701234_zpid/,"1721 Silverwood Ln, Little Elm, TX 75068"
649900.0,30.982637,-97.542175,FOR_SALE,647900,2814,/homedetails/4109-Big-Brooke-Dr-Salado-TX-76571/303816687_zpid/,"4109 Big Brooke Dr, Salado, TX 76571"
329000.0,31.515978,-97.22179,FOR_SALE,329500,2123,/homedetails/8200-Forest-Ridge-Dr-Woodway-TX-76712/52105053_zpid/,"8200 Forest Ridge Dr, Woodway, TX 76712"
150000.0,30.110086,-94.14801,FOR_SALE,129500,1450,/homedetails/3035-W-Lucas-Dr-Beaumont-TX-77706/50344113_zpid/,"3035 W Lucas Dr, Beaumont, TX 77706"
494990.0,32.77885,-96.41836,FOR_SALE,494200,3215,/homedetails/1510-Tavistock-Rd-Forney-TX-75126/249909058_zpid/,"1510 Tavistock Rd, Forney, TX 75126"
325000.0,30.715157,-94.94213,FOR_SALE,323500,1975,/homedetails/902-Alston-St-Livingston-TX-77351/87501268_zpid/,"902 Alston St, Livingston, TX 77351"
180000.0,31.121746,-97.67542,FOR_SALE,179500,1398,/homedetails/2004-Moonlight-Dr-Killeen-TX-76543/49505167_zpid/,"2004 Moonlight Dr, Killeen, TX 76543"
340000.0,30.49174,-97.68367,FOR_SALE,,,/homedetails/513-Purple-Sage-Dr-Round-Rock-TX-78681/29552932_zpid/,"513 Purple Sage Dr, Round Rock, TX 78681"
869900.0,32.97964,-96.672,FOR_SALE,871400,5142,/homedetails/2802-Woods-Ln-Garland-TX-75044/27052080_zpid/,"2802 Woods Ln, Garland, TX 75044"
265000.0,33.564007,-97.85342,FOR_SALE,,,/homedetails/700-Walnut-St-Bowie-TX-76230/231857025_zpid/,"700 Walnut St, Bowie, TX 76230"
799000.0,30.198744,-95.709724,FOR_SALE,798500,3728,/homedetails/37411-Pierce-Hill-Ln-Magnolia-TX-77354/28709913_zpid/,"37411 Pierce Hill Ln, Magnolia, TX 77354"
290000.0,30.35457,-97.519775,FOR_SALE,,,/homedetails/12904-Thomas-Jefferson-St-Manor-TX-78653/80094738_zpid/,"12904 Thomas Jefferson St, Manor, TX 78653"
360000.0,32.733784,-96.600655,FOR_SALE,360200,2566,/homedetails/2528-Cumberland-Trl-Balch-Springs-TX-75181/96522070_zpid/,"2528 Cumberland Trl, Balch Springs, TX 75181"
401285.0,30.069304,-97.78801,FOR_SALE,,,/homedetails/161-Cherry-Vine-Dr-Buda-TX-78610/2055765844_zpid/,"161 Cherry Vine Dr, Buda, TX 78610"
380000.0,29.389162,-95.153114,FOR_SALE,379500,1949,/homedetails/16501-Fir-Rd-Santa-Fe-TX-77517/27632530_zpid/,"16501 Fir Rd, Santa Fe, TX 77517"
260000.0,29.886845,-95.48126,FOR_SALE,253000,1870,/homedetails/8202-Chestnut-Forest-Dr-Houston-TX-77088/28236469_zpid/,"8202 Chestnut Forest Dr, Houston, TX 77088"
375000.0,30.114695,-95.49775,FOR_SALE,374600,2800,/homedetails/5007-Mountain-Cypress-Trl-Spring-TX-77389/305256718_zpid/,"5007 Mountain Cypress Trl, Spring, TX 77389"
239000.0,29.845604,-97.66114,FOR_SALE,,,/homedetails/2428-Blue-Sky-Ln-Lockhart-TX-78644/80640177_zpid/,"2428 Blue Sky Ln, Lockhart, TX 78644"
285000.0,31.864819,-103.09846,FOR_SALE,,,/homedetails/201-W-Midland-St-Kermit-TX-79745/2055747939_zpid/,"201 W Midland St, Kermit, TX 79745"
170000.0,33.568428,-101.866875,FOR_SALE,167800,1477,/homedetails/2318-29th-St-Lubbock-TX-79411/54107687_zpid/,"2318 29th St, Lubbock, TX 79411"
238900.0,32.781685,-96.73891,FOR_SALE,,1050,/homedetails/3310-Detonte-St-Dallas-TX-75223/96522252_zpid/,"3310 Detonte St, Dallas, TX 75223"
98500.0,33.512928,-96.3879,FOR_SALE,94300,745,/homedetails/326-E-Grand-St-Whitewright-TX-75491/193045851_zpid/,"326 E Grand St, Whitewright, TX 75491"
225000.0,33.555393,-101.91274,FOR_SALE,175700,1500,/homedetails/4714-43rd-St-Lubbock-TX-79414/54121133_zpid/,"4714 43rd St, Lubbock, TX 79414"
660000.0,29.599022,-98.5318,FOR_SALE,665000,3877,/homedetails/16550-Inwood-Cove-Dr-San-Antonio-TX-78248/26462621_zpid/,"16550 INWOOD COVE DR, San Antonio, TX 78248"
409000.0,32.36262,-97.67945,FOR_SALE,407500,2152,/homedetails/5206-Wedgefield-Rd-Granbury-TX-76049/80308886_zpid/,"5206 Wedgefield Rd, Granbury, TX 76049"
159900.0,29.695587,-95.41278,FOR_SALE,158600,1250,/homedetails/2255-Braeswood-Park-Dr-APT-144-Houston-TX-77030/89636664_zpid/,"2255 Braeswood Park Dr APT 144, Houston, TX 77030"
449000.0,29.014837,-95.433014,FOR_SALE,448600,2400,/homedetails/110-Flag-Dr-E-Lake-Jackson-TX-77566/26508636_zpid/,"110 Flag Dr E, Lake Jackson, TX 77566"
1495000.0,32.884335,-96.734436,FOR_SALE,1495200,7295,/homedetails/9188-Vintage-Oaks-Ct-Dallas-TX-75231/125230421_zpid/,"9188 Vintage Oaks Ct, Dallas, TX 75231"
220000.0,32.73648,-97.23613,FOR_SALE,220400,1714,/homedetails/729-Winnie-St-Fort-Worth-TX-76112/29060415_zpid/,"729 Winnie St, Fort Worth, TX 76112"
309900.0,29.728662,-95.6167,FOR_SALE,300300,2385,/homedetails/2918-Skypark-Dr-Houston-TX-77082/28362611_zpid/,"2918 Skypark Dr, Houston, TX 77082"
314900.0,29.466566,-95.24254,FOR_SALE,314300,2122,/homedetails/392-Henry-St-Alvin-TX-77511/80219410_zpid/,"392 Henry St, Alvin, TX 77511"
344000.0,29.515703,-98.61181,FOR_SALE,343300,2149,/homedetails/6326-Maverick-Trail-Dr-San-Antonio-TX-78240/26464614_zpid/,"6326 MAVERICK TRAIL DR, San Antonio, TX 78240"
465000.0,33.02634,-96.91137,FOR_SALE,472100,2845,/homedetails/1206-Wild-Cherry-Dr-Carrollton-TX-75010/27276433_zpid/,"1206 Wild Cherry Dr, Carrollton, TX 75010"
365000.0,29.511654,-95.43654,FOR_SALE,364500,2795,/homedetails/5123-Richland-Falls-Ln-Rosharon-TX-77583/250632879_zpid/,"5123 Richland Falls Ln, Rosharon, TX 77583"
375000.0,32.744503,-97.14491,FOR_SALE,,,/homedetails/2201-Vail-Ct-Arlington-TX-76012/28955270_zpid/,"2201 Vail Ct, Arlington, TX 76012"
119999.0,33.57508,-96.17911,FOR_SALE,118300,998,/homedetails/301-E-2nd-St-Bonham-TX-75418/90349984_zpid/,"301 E 2nd St, Bonham, TX 75418"
295000.0,29.510187,-98.68108,FOR_SALE,294200,2149,/homedetails/7302-Pentridge-San-Antonio-TX-78250/26467381_zpid/,"7302 PENTRIDGE, San Antonio, TX 78250"
350000.0,32.914715,-97.59933,FOR_SALE,350900,2749,/homedetails/1608-Newsom-Mound-Rd-Springtown-TX-76082/230803489_zpid/,"1608 Newsom Mound Rd, Springtown, TX 76082"
259900.0,28.767992,-97.080826,FOR_SALE,,,/homedetails/105-Owl-Rd-Victoria-TX-77905/78869655_zpid/,"105 Owl Rd, Victoria, TX 77905"
200000.0,32.4153,-98.75535,FOR_SALE,,,/homedetails/9026-Interstate-Highway-20-Eastland-TX-76448/2055755247_zpid/,"9026 Interstate Highway 20, Eastland, TX 76448"
165000.0,33.544884,-101.91718,FOR_SALE,163800,1295,/homedetails/4911-54th-St-Lubbock-TX-79414/54105506_zpid/,"4911 54th St, Lubbock, TX 79414"
245000.0,29.361595,-94.977165,FOR_SALE,244200,1495,/homedetails/2306-Oaklawn-Dr-La-Marque-TX-77568/27684274_zpid/,"2306 Oaklawn Dr, La Marque, TX 77568"
309900.0,33.485794,-97.164734,FOR_SALE,,1779,/homedetails/208-S-2nd-St-Valley-View-TX-76272/2067682743_zpid/,"208 S 2nd St, Valley View, TX 76272"
105000.0,29.73946,-95.49788,FOR_SALE,103200,1200,/homedetails/2601-Marilee-Ln-APT-4-Houston-TX-77057/28294200_zpid/,"2601 Marilee Ln APT 4, Houston, TX 77057"
266000.0,31.062416,-97.7297,FOR_SALE,,,/homedetails/5411-Schorn-Dr-Killeen-TX-76542/65697509_zpid/,"5411 Schorn Dr, Killeen, TX 76542"
350000.0,30.90511,-94.421555,FOR_SALE,,,/homedetails/205-N-Wheeler-Rd-Colmesneil-TX-75938/2055761041_zpid/,"205 N Wheeler Rd, Colmesneil, TX 75938"
87000.0,32.934414,-97.29785,FOR_SALE,,1999,/homedetails/11023-Peninsula-Ln-Keller-TX-76244/83805137_zpid/,"11023 Peninsula Ln, Keller, TX 76244"
429900.0,29.700169,-98.51567,FOR_SALE,430700,2624,/homedetails/27002-Okent-Dr-San-Antonio-TX-78260/26209323_zpid/,"27002 OKENT DR, San Antonio, TX 78260"
369000.0,33.640015,-96.625626,FOR_SALE,369200,1999,/homedetails/623-Westwood-Dr-Sherman-TX-75092/193035599_zpid/,"623 Westwood Dr, Sherman, TX 75092"
45000.0,32.395416,-100.862206,FOR_SALE,,,/homedetails/417-E-9th-St-Colorado-City-TX-79512/87452943_zpid/,"417 E 9th St, Colorado City, TX 79512"
906000.0,32.992348,-96.82293,FOR_SALE,913500,4422,/homedetails/17523-Muirfield-Dr-Dallas-TX-75287/26586429_zpid/,"17523 Muirfield Dr, Dallas, TX 75287"
197000.0,32.533295,-97.34174,FOR_SALE,,,/homedetails/229-NW-Wintercrest-Rd-Burleson-TX-76028/28632772_zpid/,"229 NW Wintercrest Rd, Burleson, TX 76028"
349000.0,33.72464,-96.55203,FOR_SALE,348200,1746,/homedetails/3101-College-Blvd-Denison-TX-75020/193028820_zpid/,"3101 College Blvd, Denison, TX 75020"
1500000.0,32.92913,-97.1207,FOR_SALE,1515100,9183,/homedetails/2711-Derby-Ct-Southlake-TX-76092/29302108_zpid/,"2711 Derby Ct, Southlake, TX 76092"
395000.0,29.890858,-95.6465,FOR_SALE,395500,2500,/homedetails/7619-Club-Lake-Dr-Houston-TX-77095/28373027_zpid/,"7619 Club Lake Dr, Houston, TX 77095"
299900.0,32.41981,-99.70003,FOR_SALE,298800,1365,/homedetails/2334-Adam-Ave-Abilene-TX-79602/53345316_zpid/,"2334 Adam Ave, Abilene, TX 79602"
749750.0,33.194614,-96.77833,FOR_SALE,,,/homedetails/11588-La-Salle-Rd-Frisco-TX-75035/168646847_zpid/,"11588 La Salle Rd, Frisco, TX 75035"
319000.0,29.82925,-98.013695,FOR_SALE,321000,2145,/homedetails/417-Hunter-Ridge-Rd-San-Marcos-TX-78666/28597429_zpid/,"417 Hunter Ridge Rd, San Marcos, TX 78666"
199000.0,29.878752,-95.4183,FOR_SALE,197600,1625,/homedetails/8211-Odet-Ct-Houston-TX-77088/28152086_zpid/,"8211 Odet Ct, Houston, TX 77088"
650000.0,29.735443,-98.62536,FOR_SALE,607400,3636,/homedetails/29307-Mandetta-Dr-Boerne-TX-78015/26166156_zpid/,"29307 MANDETTA DR, Boerne, TX 78015"
359000.0,32.376225,-95.37748,FOR_SALE,,1099,/homedetails/12908-County-Road-46-Tyler-TX-75704/2060510313_zpid/,"12908 County Road 46, Tyler, TX 75704"
745000.0,32.956974,-97.361336,FOR_SALE,,,/homedetails/1282-Meadow-Rose-Dr-Haslet-TX-76052/337103606_zpid/,"1282 Meadow Rose Dr, Haslet, TX 76052"
1397000.0,33.022793,-97.115364,FOR_SALE,1324900,8167,/homedetails/2625-Park-Ridge-Rd-Flower-Mound-TX-75022/53954694_zpid/,"2625 Park Ridge Rd, Flower Mound, TX 75022"
289900.0,32.572933,-96.93034,FOR_SALE,290700,1999,/homedetails/903-Clement-Ct-Cedar-Hill-TX-75104/26960296_zpid/,"903 Clement Ct, Cedar Hill, TX 75104"
475000.0,32.69218,-97.6129,FOR_SALE,476100,3008,/homedetails/322-Sanchez-Ct-Aledo-TX-76008/230785957_zpid/,"322 Sanchez Ct, Aledo, TX 76008"
1000000.0,32.901024,-97.13706,FOR_SALE,1002600,5777,/homedetails/2000-Reynolds-Dr-Colleyville-TX-76034/29281411_zpid/,"2000 Reynolds Dr, Colleyville, TX 76034"
425000.0,32.38643,-96.16226,FOR_SALE,426600,2499,/homedetails/10741-Buddy-Parker-Rd-Kemp-TX-75143/28670253_zpid/,"10741 Buddy Parker Rd, Kemp, TX 75143"
424900.0,32.36276,-95.57115,FOR_SALE,426500,2220,/homedetails/431-Vz-County-Road-4804-Chandler-TX-75758/250896392_zpid/,"431 Vz County Road 4804, Chandler, TX 75758"
490000.0,29.78186,-95.69933,FOR_SALE,491300,3499,/homedetails/18714-Resica-Falls-Ln-Houston-TX-77094/28544809_zpid/,"18714 Resica Falls Ln, Houston, TX 77094"
799000.0,32.967953,-97.24012,FOR_SALE,,,/homedetails/1959-Lewis-Crossing-Dr-Keller-TX-76248/97738885_zpid/,"1959 Lewis Crossing Dr, Keller, TX 76248"
215000.0,32.225937,-98.20756,FOR_SALE,210700,1464,/homedetails/275-W-Shirley-St-Stephenville-TX-76401/87270960_zpid/,"275 W Shirley St, Stephenville, TX 76401"
1935000.0,32.893475,-96.77785,FOR_SALE,,,/homedetails/10801-Branch-Oaks-Cir-Dallas-TX-75230/26839004_zpid/,"10801 Branch Oaks Cir, Dallas, TX 75230"
195000.0,29.541866,-95.69999,FOR_SALE,195100,1694,/homedetails/245-Willoughby-Dr-Richmond-TX-77469/27620770_zpid/,"245 Willoughby Dr, Richmond, TX 77469"
100000.0,31.82381,-99.424355,FOR_SALE,100400,1099,/homedetails/812-S-Concho-St-Coleman-TX-76834/90316734_zpid/,"812 S Concho St, Coleman, TX 76834"
135000.0,29.354336,-98.5635,FOR_SALE,133300,1400,/homedetails/3550-Gracie-St-San-Antonio-TX-78211/26285657_zpid/,"3550 GRACIE ST, San Antonio, TX 78211"
395000.0,29.886406,-95.64805,FOR_SALE,395400,2400,/homedetails/15811-Mesa-Gardens-Dr-Houston-TX-77095/28373241_zpid/,"15811 Mesa Gardens Dr, Houston, TX 77095"
370000.0,33.593792,-101.916626,FOR_SALE,367800,2237,/homedetails/4802-Whisperwood-Blvd-Lubbock-TX-79416/54129849_zpid/,"4802 Whisperwood Blvd, Lubbock, TX 79416"
200000.0,29.419733,-98.377754,FOR_SALE,199300,2086,/homedetails/5802-Tree-View-St-San-Antonio-TX-78220/26442722_zpid/,"5802 TREE VIEW ST, San Antonio, TX 78220"
465000.0,29.657597,-95.487595,FOR_SALE,464100,2459,/homedetails/5706-W-Bellfort-St-Houston-TX-77035/28056237_zpid/,"5706 W Bellfort St, Houston, TX 77035"
675000.0,30.225391,-95.55578,FOR_SALE,674400,4275,/homedetails/5807-Weisinger-Dr-Magnolia-TX-77354/244124899_zpid/,"5807 Weisinger Dr, Magnolia, TX 77354"
239000.0,29.335648,-98.48673,FOR_SALE,232100,1994,/homedetails/8823-Scarlett-Pl-San-Antonio-TX-78221/83977537_zpid/,"8823 SCARLETT PL, San Antonio, TX 78221"
130000.0,32.90114,-94.186966,FOR_SALE,187000,1584,/homedetails/5193-State-Highway-43-Bivins-TX-75555/87216990_zpid/,"5193 State Highway 43, Bivins, TX 75555"
299000.0,31.856169,-106.58712,FOR_SALE,305900,1800,/homedetails/116-La-Mirada-Cir-El-Paso-TX-79932/27435940_zpid/,"116 La Mirada Cir, El Paso, TX 79932"
499985.0,33.082336,-96.71417,FOR_SALE,436200,2591,/homedetails/1201-Bass-Dr-Plano-TX-75025/26587814_zpid/,"1201 Bass Dr, Plano, TX 75025"
299950.0,31.736341,-106.3099,FOR_SALE,300500,2100,/homedetails/1399-Adabel-Dr-El-Paso-TX-79936/27512496_zpid/,"1399 Adabel Dr, El Paso, TX 79936"
348900.0,30.28576,-95.475464,FOR_SALE,346600,2031,/homedetails/932-Manchester-Dr-Conroe-TX-77304/28742454_zpid/,"932 Manchester Dr, Conroe, TX 77304"
255000.0,29.369072,-95.08516,FOR_SALE,254700,1949,/homedetails/12149-20th-St-Santa-Fe-TX-77510/27631698_zpid/,"12149 20th St, Santa Fe, TX 77510"
634990.0,30.570065,-97.52704,FOR_SALE,,,/homedetails/106-Vallevo-Rd-Hutto-TX-78634/2055758656_zpid/,"106 Vallevo Rd, Hutto, TX 78634"
209500.0,28.773422,-95.63277,FOR_SALE,207900,1599,/homedetails/953-County-Road-201-Sargent-TX-77414/112320272_zpid/,"953 County Road 201, Sargent, TX 77414"
279900.0,29.135462,-95.42994,FOR_SALE,277900,1694,/homedetails/104-Walnut-St-Angleton-TX-77515/26521030_zpid/,"104 Walnut St, Angleton, TX 77515"
399999.0,29.799047,-95.76765,FOR_SALE,400700,3399,/homedetails/22818-Spatswood-Ln-Katy-TX-77449/28408536_zpid/,"22818 Spatswood Ln, Katy, TX 77449"
520000.0,30.164808,-97.72233,FOR_SALE,,,/homedetails/7001-Cherry-Beam-Path-Austin-TX-78744/241933041_zpid/,"7001 Cherry Beam Path, Austin, TX 78744"
349000.0,33.609283,-96.64064,FOR_SALE,,,/homedetails/1912-Timberline-Ln-Sherman-TX-75092/193006838_zpid/,"1912 Timberline Ln, Sherman, TX 75092"
325000.0,31.4526,-100.40665,FOR_SALE,,,/homedetails/508-Kennedy-Dr-San-Angelo-TX-76905/75317502_zpid/,"508 Kennedy Dr, San Angelo, TX 76905"
1395000.0,32.825905,-96.69908,FOR_SALE,1397200,5756,/homedetails/1500-Bella-Vista-Dr-Dallas-TX-75218/248827959_zpid/,"1500 Bella Vista Dr, Dallas, TX 75218"
224999.0,31.86238,-102.34892,FOR_SALE,,,/homedetails/2115-E-10th-St-Odessa-TX-79761/50460780_zpid/,"2115 E 10th St, Odessa, TX 79761"
297000.0,29.76614,-95.89267,FOR_SALE,297200,2194,/homedetails/9982-Spring-Rock-Ln-Brookshire-TX-77423/123504380_zpid/,"9982 Spring Rock Ln, Brookshire, TX 77423"
234900.0,31.763378,-106.29351,FOR_SALE,236700,1450,/homedetails/11512-Clear-Lake-Way-El-Paso-TX-79936/27513322_zpid/,"11512 Clear Lake Way, El Paso, TX 79936"
430000.0,29.703888,-98.49478,FOR_SALE,,,/homedetails/215-Slumber-Pass-San-Antonio-TX-78260/26168159_zpid/,"215 Slumber Pass, San Antonio, TX 78260"
1210000.0,33.110554,-96.84493,FOR_SALE,1231000,5595,/homedetails/4965-Lorraine-Dr-Frisco-TX-75034/54015879_zpid/,"4965 Lorraine Dr, Frisco, TX 75034"
284100.0,33.470234,-101.87691,FOR_SALE,,,/homedetails/2908-137th-St-Lubbock-TX-79423/338188129_zpid/,"2908 137th St, Lubbock, TX 79423"
485000.0,29.477465,-98.721275,FOR_SALE,484100,3159,/homedetails/4603-Yegua-Ln-San-Antonio-TX-78253/244681481_zpid/,"4603 Yegua Ln, San Antonio, TX 78253"
333000.0,29.87401,-95.41852,FOR_SALE,,,/homedetails/821-Enterprise-St-Houston-TX-77088/2055770056_zpid/,"821 Enterprise St, Houston, TX 77088"
147000.0,33.890926,-98.499115,FOR_SALE,145300,1014,/homedetails/1629-Dayton-Ave-Wichita-Falls-TX-76301/78896373_zpid/,"1629 Dayton Ave, Wichita Falls, TX 76301"
535000.0,30.03267,-95.57289,FOR_SALE,535400,3495,/homedetails/9511-Merlins-Oaks-Ct-Spring-TX-77379/55478317_zpid/,"9511 Merlins Oaks Ct, Spring, TX 77379"
280000.0,30.361753,-95.600426,FOR_SALE,279500,1849,/homedetails/157-Snug-Harbor-Dr-Montgomery-TX-77356/89816356_zpid/,"157 Snug Harbor Dr, Montgomery, TX 77356"
215000.0,31.870667,-106.40715,FOR_SALE,216300,1650,/homedetails/5714-Elkton-Way-El-Paso-TX-79924/27494228_zpid/,"5714 Elkton Way, El Paso, TX 79924"
375000.0,32.48858,-96.999725,FOR_SALE,374300,2386,/homedetails/717-Green-Acres-Ln-Midlothian-TX-76065/67644141_zpid/,"717 Green Acres Ln, Midlothian, TX 76065"
465000.0,32.546623,-97.11787,FOR_SALE,464400,3106,/homedetails/1100-Copperleaf-Dr-Mansfield-TX-76063/122517372_zpid/,"1100 Copperleaf Dr, Mansfield, TX 76063"
269900.0,29.647123,-95.17728,FOR_SALE,269600,1900,/homedetails/4318-Terlingua-St-Pasadena-TX-77504/28244124_zpid/,"4318 Terlingua St, Pasadena, TX 77504"
338787.0,32.569736,-97.369484,FOR_SALE,338800,2589,/homedetails/537-Creekbend-St-Crowley-TX-76036/79955093_zpid/,"537 Creekbend St, Crowley, TX 76036"
125000.0,29.885355,-95.61802,FOR_SALE,125300,1500,/homedetails/13723-Smokey-Trail-Dr-Houston-TX-77041/28282152_zpid/,"13723 Smokey Trail Dr, Houston, TX 77041"
330000.0,29.93438,-95.18266,FOR_SALE,329700,2325,/homedetails/12815-Cambridge-Eagle-Dr-Houston-TX-77044/28550593_zpid/,"12815 Cambridge Eagle Dr, Houston, TX 77044"
310000.0,29.503942,-98.73425,FOR_SALE,309700,1895,/homedetails/7026-Plains-Way-San-Antonio-TX-78253/122143272_zpid/,"7026 PLAINS WAY, San Antonio, TX 78253"
189950.0,33.591152,-101.947815,FOR_SALE,188600,1439,/homedetails/414-Hyden-Ave-Lubbock-TX-79416/54136566_zpid/,"414 Hyden Ave, Lubbock, TX 79416"
184990.0,29.291462,-97.145004,FOR_SALE,118700,1458,/homedetails/204-Orth-St-Yoakum-TX-77995/87410580_zpid/,"204 Orth St, Yoakum, TX 77995"
339900.0,28.123922,-97.86171,FOR_SALE,339100,1990,/homedetails/24480-La-Ponderosa-Ln-Mathis-TX-78368/28909205_zpid/,"24480 La Ponderosa Ln, Mathis, TX 78368"
345000.0,29.375399,-94.77659,FOR_SALE,332300,1932,/homedetails/1408-4th-St-Pt-Bolivar-TX-77650/50445748_zpid/,"1408 4th St, Pt Bolivar, TX 77650"
260000.0,32.04033,-102.08383,FOR_SALE,,,/homedetails/4504-Crenshaw-Dr-Midland-TX-79705/50130573_zpid/,"4504 Crenshaw Dr, Midland, TX 79705"
305000.0,32.76536,-97.01376,FOR_SALE,308600,2199,/homedetails/1717-Esquire-Pl-Grand-Prairie-TX-75050/27066207_zpid/,"1717 Esquire Pl, Grand Prairie, TX 75050"
189900.0,31.721054,-99.09079,FOR_SALE,189000,950,/homedetails/210-County-Road-174-Brownwood-TX-76801/87186552_zpid/,"210 County Road 174, Brownwood, TX 76801"
329900.0,30.147928,-95.4078,FOR_SALE,329500,2429,/homedetails/32414-Angler-Park-Conroe-TX-77385/67668797_zpid/,"32414 Angler Park, Conroe, TX 77385"
210000.0,29.546167,-98.40743,FOR_SALE,,,/homedetails/4310-Las-Cruces-St-San-Antonio-TX-78233/26347959_zpid/,"4310 LAS CRUCES ST, San Antonio, TX 78233"
254900.0,29.410875,-98.70431,FOR_SALE,254900,1749,/homedetails/10818-Ranchland-Fox-San-Antonio-TX-78245/80028045_zpid/,"10818 RANCHLAND FOX, San Antonio, TX 78245"
720000.0,30.364878,-97.8973,FOR_SALE,,,/homedetails/2525-Golden-Gate-Park-Austin-TX-78732/83822858_zpid/,"2525 Golden Gate Park, Austin, TX 78732"
120000.0,33.955177,-98.67099,FOR_SALE,72600,1099,/homedetails/305-W-Alameda-St-Iowa-Park-TX-76367/78911000_zpid/,"305 W Alameda St, Iowa Park, TX 76367"
185000.0,29.063429,-95.698296,FOR_SALE,174300,2400,/homedetails/1503-County-Road-878b-Sweeny-TX-77480/26515887_zpid/,"1503 County Road 878b, Sweeny, TX 77480"
224500.0,32.86303,-97.21865,FOR_SALE,,2050,/homedetails/7528-April-Ln-North-Richland-Hills-TX-76182/29257586_zpid/,"7528 April Ln, North Richland Hills, TX 76182"
150000.0,30.541906,-95.19963,FOR_SALE,149100,1199,/homedetails/281-Denson-Reed-Rd-Coldspring-TX-77331/309278230_zpid/,"281 Denson Reed Rd, Coldspring, TX 77331"
215000.0,32.01374,-102.124954,FOR_SALE,,,/homedetails/3314-Fannin-Ave-Midland-TX-79707/50135563_zpid/,"3314 Fannin Ave, Midland, TX 79707"
499990.0,33.73611,-96.60313,FOR_SALE,,,/homedetails/2313-S-Peachtree-Ct-Denison-TX-75020/2055761884_zpid/,"2313 S Peachtree Ct, Denison, TX 75020"
384999.0,30.35893,-97.537476,FOR_SALE,,,/homedetails/12317-Caldera-Way-Manor-TX-78653/331625232_zpid/,"12317 Caldera Way, Manor, TX 78653"
97500.0,31.198143,-101.455444,FOR_SALE,,,/homedetails/900-E-9th-St-Big-Lake-TX-76932/87503153_zpid/,"900 E 9th St, Big Lake, TX 76932"
187000.0,32.166904,-94.79051,FOR_SALE,,1379,/homedetails/511-Woodlawn-St-Henderson-TX-75652/87515364_zpid/,"511 Woodlawn St, Henderson, TX 75652"
215000.0,31.092157,-97.79935,FOR_SALE,214500,1474,/homedetails/4608-Michael-Dr-Killeen-TX-76549/65696808_zpid/,"4608 Michael Dr, Killeen, TX 76549"
279000.0,33.294598,-97.804184,FOR_SALE,,,/homedetails/600-Granada-Dr-Chico-TX-76431/2070479963_zpid/,"600 Granada Dr, Chico, TX 76431"
339997.0,30.007984,-97.88333,FOR_SALE,339800,2095,/homedetails/4672-Mather-Kyle-TX-78640/55299711_zpid/,"4672 Mather, Kyle, TX 78640"
289900.0,31.081469,-97.32571,FOR_SALE,,,/homedetails/2005-E-Avenue-I-Temple-TX-76501/58207880_zpid/,"2005 E Avenue I, Temple, TX 76501"
392000.0,29.987925,-95.59219,FOR_SALE,391300,2413,/homedetails/11611-Leaning-Pine-Dr-Houston-TX-77070/28205089_zpid/,"11611 Leaning Pine Dr, Houston, TX 77070"
335000.0,29.489584,-98.65362,FOR_SALE,335300,1800,/homedetails/8606-Timber-Bush-St-San-Antonio-TX-78250/26453450_zpid/,"8606 Timber Bush St, San Antonio, TX 78250"
450000.0,33.030617,-96.6696,FOR_SALE,451900,3819,/homedetails/3209-Erwin-Dr-Plano-TX-75074/26598613_zpid/,"3209 Erwin Dr, Plano, TX 75074"
325000.0,31.123556,-97.44737,FOR_SALE,323900,2050,/homedetails/9819-Cow-Page-Ct-Temple-TX-76502/69628000_zpid/,"9819 Cow Page Ct, Temple, TX 76502"
399999.0,30.42083,-95.75518,FOR_SALE,395800,2199,/homedetails/11715-Landrum-Ln-Montgomery-TX-77356/122535878_zpid/,"11715 Landrum Ln, Montgomery, TX 77356"
395000.0,29.427708,-100.898796,FOR_SALE,438200,2358,/homedetails/266-Packsaddle-Cir-Del-Rio-TX-78840/90576956_zpid/,"266 Packsaddle Cir, Del Rio, TX 78840"
449000.0,29.827106,-95.51312,FOR_SALE,447700,2299,/homedetails/8926-Opelika-St-Houston-TX-77080/28040353_zpid/,"8926 Opelika St, Houston, TX 77080"
210000.0,31.818245,-106.246605,FOR_SALE,210800,1510,/homedetails/4716-Hilario-Hernandez-El-Paso-TX-79938/118225979_zpid/,"4716 Hilario Hernandez, El Paso, TX 79938"
399000.0,32.461617,-94.622826,FOR_SALE,399100,2920,/homedetails/265-Towering-Oaks-Ln-Longview-TX-75602/102589849_zpid/,"265 Towering Oaks Ln, Longview, TX 75602"
189000.0,31.57228,-94.83522,FOR_SALE,,1664,/homedetails/1308-County-Road-770-Nacogdoches-TX-75964/87462211_zpid/,"1308 County Road 770, Nacogdoches, TX 75964"
1229000.0,32.936546,-97.17879,FOR_SALE,1250200,7076,/homedetails/1603-Stonebury-Ct-Southlake-TX-76092/29314791_zpid/,"1603 Stonebury Ct, Southlake, TX 76092"
329000.0,29.509031,-98.67055,FOR_SALE,,,/homedetails/7506-Valley-Trails-St-San-Antonio-TX-78250/2055760267_zpid/,"7506 Valley Trails St, San Antonio, TX 78250"
985000.0,30.349367,-97.96191,FOR_SALE,,,/homedetails/1310-Sledge-Dr-Austin-TX-78734/70324104_zpid/,"1310 Sledge Dr, Austin, TX 78734"
319900.0,29.972673,-95.20891,FOR_SALE,319300,2552,/homedetails/4134-Forest-Rain-Ln-Humble-TX-77346/89650088_zpid/,"4134 Forest Rain Ln, Humble, TX 77346"
399999.0,29.653673,-96.11217,FOR_SALE,398200,4625,/homedetails/10867-Highway-36-S-Wallis-TX-77485/304088025_zpid/,"10867 Highway 36 S, Wallis, TX 77485"
290000.0,30.020582,-95.11355,FOR_SALE,289600,1855,/homedetails/423-Fall-Creek-Dr-Huffman-TX-77336/28012134_zpid/,"423 Fall Creek Dr, Huffman, TX 77336"
529000.0,30.067842,-95.159454,FOR_SALE,528200,3200,/homedetails/2107-Riverway-Oak-Ct-Kingwood-TX-77345/28549761_zpid/,"2107 Riverway Oak Ct, Kingwood, TX 77345"
210000.0,30.070023,-94.09013,FOR_SALE,206500,926,/homedetails/470-Jackson-St-Beaumont-TX-77701/50410463_zpid/,"470 Jackson St, Beaumont, TX 77701"
355000.0,30.136396,-95.65196,FOR_SALE,354200,2535,/homedetails/11919-Helene-Ct-Pinehurst-TX-77362/52108479_zpid/,"11919 Helene Ct, Pinehurst, TX 77362"
469900.0,33.17056,-97.07377,FOR_SALE,,,/homedetails/4501-Heron-Pond-Ln-Denton-TX-76208/63410618_zpid/,"4501 Heron Pond Ln, Denton, TX 76208"
225000.0,32.755592,-96.77114,FOR_SALE,219600,3105,/homedetails/3707-Spence-St-Dallas-TX-75215/96499618_zpid/,"3707 Spence St, Dallas, TX 75215"
261900.0,32.02344,-102.15645,FOR_SALE,,,/homedetails/5008-Lavaca-Ct-Midland-TX-79707/59868835_zpid/,"5008 Lavaca Ct, Midland, TX 79707"
325000.0,32.22523,-98.22566,FOR_SALE,324000,1671,/homedetails/1447-W-Lingleville-Rd-Stephenville-TX-76401/87270495_zpid/,"1447 W Lingleville Rd, Stephenville, TX 76401"
205000.0,31.803028,-106.28003,FOR_SALE,206200,1560,/homedetails/3737-Texas-Star-St-El-Paso-TX-79936/66977015_zpid/,"3737 Texas Star St, El Paso, TX 79936"
399900.0,32.750443,-97.19016,FOR_SALE,,,/homedetails/1912-Morrison-Dr-Fort-Worth-TX-76112/28960753_zpid/,"1912 Morrison Dr, Fort Worth, TX 76112"
649900.0,33.118134,-96.77052,FOR_SALE,655600,3399,/homedetails/4844-Golfside-Dr-Frisco-TX-75035/60253033_zpid/,"4844 Golfside Dr, Frisco, TX 75035"
189900.0,29.809813,-95.18914,FOR_SALE,191500,1769,/homedetails/5902-Lansdown-Dr-Houston-TX-77049/28338504_zpid/,"5902 Lansdown Dr, Houston, TX 77049"
350000.0,29.725725,-95.53566,FOR_SALE,349500,1999,/homedetails/9610-Pagewood-Ln-Houston-TX-77063/28079459_zpid/,"9610 Pagewood Ln, Houston, TX 77063"
360000.0,32.475903,-97.38544,FOR_SALE,360400,2019,/homedetails/303-Shelby-Ln-Joshua-TX-76058/65196716_zpid/,"303 Shelby Ln, Joshua, TX 76058"
239000.0,30.145267,-95.31746,FOR_SALE,239800,1839,/homedetails/21036-Deuster-Ln-Porter-TX-77365/28739357_zpid/,"21036 Deuster Ln, Porter, TX 77365"
259000.0,29.888554,-95.414856,FOR_SALE,258800,1714,/homedetails/8911-Sunnywood-Dr-Houston-TX-77088/28151721_zpid/,"8911 Sunnywood Dr, Houston, TX 77088"
289000.0,30.82813,-97.59962,FOR_SALE,289300,1849,/homedetails/220-Silvercrest-Ln-Jarrell-TX-76537/337164790_zpid/,"220 Silvercrest Ln, Jarrell, TX 76537"
250000.0,32.808525,-97.443794,FOR_SALE,249000,1749,/homedetails/3600-Mohawk-Trl-Lake-Worth-TX-76135/29266526_zpid/,"3600 Mohawk Trl, Lake Worth, TX 76135"
339900.0,31.121325,-97.47211,FOR_SALE,,,/homedetails/127-Sheridan-Loop-Belton-TX-76513/118396980_zpid/,"127 Sheridan Loop, Belton, TX 76513"
225000.0,30.633722,-93.89269,FOR_SALE,288200,895,/homedetails/490-Fm-1013-E-Call-TX-75933/224861050_zpid/,"490 Fm 1013 E, Call, TX 75933"
178000.0,30.646118,-96.353874,FOR_SALE,178000,834,/homedetails/811-Oak-St-Bryan-TX-77802/50316270_zpid/,"811 Oak St, Bryan, TX 77802"
922500.0,33.25248,-96.79991,FOR_SALE,928600,4313,/homedetails/221-Kingsbury-Ln-Prosper-TX-75078/125278460_zpid/,"221 Kingsbury Ln, Prosper, TX 75078"
469900.0,30.499266,-97.72848,FOR_SALE,,,/homedetails/4030-Cargill-Dr-Round-Rock-TX-78681/29612365_zpid/,"4030 Cargill Dr, Round Rock, TX 78681"
369900.0,29.641085,-98.42569,FOR_SALE,283100,2405,/homedetails/21515-Longwood-San-Antonio-TX-78259/26437928_zpid/,"21515 LONGWOOD, San Antonio, TX 78259"
234500.0,30.925463,-96.10923,FOR_SALE,,974,/homedetails/3410-King-Rd-North-Zulch-TX-77872/338567411_zpid/,"3410 King Rd, North Zulch, TX 77872"
100000.0,31.462101,-100.44626,FOR_SALE,,,/homedetails/514-E-25th-1-2-St-San-Angelo-TX-76903/213341429_zpid/,"514 E 25th 1/2 St, San Angelo, TX 76903"
339900.0,32.83159,-97.24383,FOR_SALE,,,/homedetails/6524-Cliffside-Dr-North-Richland-Hills-TX-76180/29006216_zpid/,"6524 Cliffside Dr, North Richland Hills, TX 76180"
270000.0,31.068378,-97.78504,FOR_SALE,,,/homedetails/2709-Tara-Dr-Killeen-TX-76549/120880981_zpid/,"2709 Tara Dr, Killeen, TX 76549"
549900.0,33.013832,-97.49349,FOR_SALE,548800,3447,/homedetails/533-Oak-Hills-Dr-Newark-TX-76071/78933932_zpid/,"533 Oak Hills Dr, Newark, TX 76071"
480000.0,30.355877,-97.543686,FOR_SALE,481200,2798,/homedetails/13732-Field-Spar-Dr-Manor-TX-78653/70344958_zpid/,"13732 Field Spar Dr, Manor, TX 78653"
229000.0,31.850271,-96.79185,FOR_SALE,224400,1381,/homedetails/505-NE-2nd-St-Hubbard-TX-76648/90388454_zpid/,"505 NE 2nd St, Hubbard, TX 76648"
300000.0,32.861927,-97.22101,FOR_SALE,300700,2050,/homedetails/6400-Sandhurst-Ln-E-North-Richland-Hills-TX-76182/29048049_zpid/,"6400 Sandhurst Ln E, North Richland Hills, TX 76182"
249900.0,31.99197,-98.03382,FOR_SALE,,,/homedetails/111-Heath-St-Hico-TX-76457/90376105_zpid/,"111 Heath St, Hico, TX 76457"
355000.0,29.906752,-95.57342,FOR_SALE,355900,2209,/homedetails/10318-Gold-Point-Dr-Houston-TX-77064/28425800_zpid/,"10318 Gold Point Dr, Houston, TX 77064"
300000.0,33.659492,-96.90945,FOR_SALE,299000,1700,/homedetails/402-White-St-Whitesboro-TX-76273/335641751_zpid/,"402 White St, Whitesboro, TX 76273"
390000.0,33.01575,-96.88115,FOR_SALE,398700,2470,/homedetails/1949-Westminster-Dr-Carrollton-TX-75007/27276604_zpid/,"1949 Westminster Dr, Carrollton, TX 75007"
249000.0,32.885284,-97.238075,FOR_SALE,249100,1949,/homedetails/6656-N-Park-Dr-Watauga-TX-76148/28985707_zpid/,"6656 N Park Dr, Watauga, TX 76148"
276500.0,32.47264,-97.71008,FOR_SALE,275300,1774,/homedetails/4800-Sapphire-Ln-Granbury-TX-76049/90393586_zpid/,"4800 Sapphire Ln, Granbury, TX 76049"
149900.0,30.067497,-94.19934,FOR_SALE,127500,1575,/homedetails/9160-Landis-Dr-Beaumont-TX-77707/50363488_zpid/,"9160 Landis Dr, Beaumont, TX 77707"
825000.0,30.191313,-97.89755,FOR_SALE,,,/homedetails/6705-Walebridge-Ln-Austin-TX-78739/58316543_zpid/,"6705 Walebridge Ln, Austin, TX 78739"
155000.0,33.74022,-96.53061,FOR_SALE,153800,778,/homedetails/409-Knob-Cir-Denison-TX-75021/193027420_zpid/,"409 Knob Cir, Denison, TX 75021"
389900.0,30.163668,-96.02187,FOR_SALE,388100,2850,/homedetails/24704-Killarney-St-Hempstead-TX-77445/80247815_zpid/,"24704 Killarney St, Hempstead, TX 77445"
152000.0,29.683905,-98.14295,FOR_SALE,176400,1350,/homedetails/265-School-Ave-New-Braunfels-TX-78130/26550074_zpid/,"265 SCHOOL AVE, New Braunfels, TX 78130"
289900.0,29.38078,-98.4502,FOR_SALE,289300,1949,/homedetails/302-McDougal-Ave-San-Antonio-TX-78223/26260723_zpid/,"302 MCDOUGAL AVE, San Antonio, TX 78223"
350000.0,32.380596,-96.1599,FOR_SALE,352400,1450,/homedetails/18460-Hickory-Cir-Kemp-TX-75143/28670184_zpid/,"18460 Hickory Cir, Kemp, TX 75143"
234000.0,29.640667,-95.2222,FOR_SALE,234100,1800,/homedetails/8111-Delwin-St-Houston-TX-77034/28030843_zpid/,"8111 Delwin St, Houston, TX 77034"
229900.0,31.106985,-97.79061,FOR_SALE,,,/homedetails/2804-Daytona-Dr-Killeen-TX-76549/49511018_zpid/,"2804 Daytona Dr, Killeen, TX 76549"
2750000.0,29.789309,-98.609474,FOR_SALE,2739900,11986,/homedetails/29-Guthrie-Rd-Boerne-TX-78006/28658990_zpid/,"29 GUTHRIE RD, Boerne, TX 78006"
800000.0,30.193144,-97.80645,FOR_SALE,805600,2345,/homedetails/1507-Damon-Rd-Austin-TX-78745/29500934_zpid/,"1507 Damon Rd, Austin, TX 78745"
235900.0,33.672806,-95.51211,FOR_SALE,,,/homedetails/3440-Fargo-Dr-Paris-TX-75462/78842916_zpid/,"3440 Fargo Dr, Paris, TX 75462"
299000.0,32.53077,-94.75356,FOR_SALE,292700,2450,/homedetails/410-Sheffield-Dr-Longview-TX-75605/50782584_zpid/,"410 Sheffield Dr, Longview, TX 75605"
335000.0,31.697624,-97.24905,FOR_SALE,327000,2394,/homedetails/163-Bettinger-Way-Waco-TX-76705/305366678_zpid/,"163 Bettinger Way, Waco, TX 76705"
395000.0,29.646973,-95.48255,FOR_SALE,393900,2299,/homedetails/12122-Chimney-Rock-Rd-Houston-TX-77035/28032221_zpid/,"12122 Chimney Rock Rd, Houston, TX 77035"
290000.0,30.001736,-95.49413,FOR_SALE,290100,2194,/homedetails/3803-Blue-Spring-Dr-Houston-TX-77068/28187046_zpid/,"3803 Blue Spring Dr, Houston, TX 77068"
325000.0,30.046755,-99.13295,FOR_SALE,571400,3200,/homedetails/975-Barnett-St-Kerrville-TX-78028/87386490_zpid/,"975 Barnett St, Kerrville, TX 78028"
260000.0,30.299265,-95.08308,FOR_SALE,260200,1794,/homedetails/151-County-Road-328-N-Cleveland-TX-77327/192599961_zpid/,"151 County Road 328 N, Cleveland, TX 77327"
285000.0,31.062191,-97.69108,FOR_SALE,284200,1966,/homedetails/5502-Hunters-Ridge-Trl-Killeen-TX-76542/69583229_zpid/,"5502 Hunters Ridge Trl, Killeen, TX 76542"
159900.0,33.542652,-101.88192,FOR_SALE,,,/homedetails/3024-57th-St-Lubbock-TX-79413/54077429_zpid/,"3024 57th St, Lubbock, TX 79413"
350000.0,32.696106,-96.885155,FOR_SALE,,,/homedetails/3936-Kimballdale-Dr-Dallas-TX-75233/26827033_zpid/,"3936 Kimballdale Dr, Dallas, TX 75233"
484000.0,29.68708,-95.70438,FOR_SALE,482300,2800,/homedetails/18507-Twilight-Arbor-Trl-Richmond-TX-77407/335689148_zpid/,"18507 Twilight Arbor Trl, Richmond, TX 77407"
175000.0,31.143564,-97.92386,FOR_SALE,174800,1294,/homedetails/211-Blanket-Dr-Copperas-Cove-TX-76522/78808891_zpid/,"211 Blanket Dr, Copperas Cove, TX 76522"
425000.0,30.098572,-97.4824,FOR_SALE,,,/homedetails/185-Murchison-Dr-Cedar-Creek-TX-78612/84385808_zpid/,"185 Murchison Dr, Cedar Creek, TX 78612"
120000.0,32.703423,-100.92108,FOR_SALE,,,/homedetails/3714-Avenue-U-Snyder-TX-79549/87534294_zpid/,"3714 Avenue U, Snyder, TX 79549"
300000.0,32.85181,-96.579956,FOR_SALE,298700,1988,/homedetails/5314-Pensacola-Dr-Garland-TX-75043/27050698_zpid/,"5314 Pensacola Dr, Garland, TX 75043"
374997.0,32.4179,-97.01393,FOR_SALE,374600,2184,/homedetails/1701-Windswept-Dr-Midlothian-TX-76065/67652056_zpid/,"1701 Windswept Dr, Midlothian, TX 76065"
279999.0,30.526793,-97.684456,FOR_SALE,280900,1949,/homedetails/1815-Aberdeen-Dr-Round-Rock-TX-78664/29555885_zpid/,"1815 Aberdeen Dr, Round Rock, TX 78664"
239900.0,30.210974,-93.886925,FOR_SALE,231100,1594,/homedetails/6136-Crosstimber-Dr-Orange-TX-77632/52874985_zpid/,"6136 Crosstimber Dr, Orange, TX 77632"
169000.0,30.667517,-96.38627,FOR_SALE,169300,1500,/homedetails/1304-Patsys-Gln-Bryan-TX-77803/97568913_zpid/,"1304 Patsys Gln, Bryan, TX 77803"
459000.0,30.643427,-98.45757,FOR_SALE,460900,2528,/homedetails/319-La-Mesa-St-Kingsland-TX-78639/87423446_zpid/,"319 La Mesa Street, Kingsland, TX 78639"
324900.0,32.916782,-97.578835,FOR_SALE,325800,1856,/homedetails/421-Pearson-Ln-Azle-TX-76020/230804674_zpid/,"421 Pearson Ln, Azle, TX 76020"
569900.0,33.608387,-96.41812,FOR_SALE,,,/homedetails/301-Shelby-Trl-Bells-TX-75414/2055775682_zpid/,"301 Shelby Trl, Bells, TX 75414"
490000.0,33.33409,-96.54724,FOR_SALE,490100,2650,/homedetails/419-Cowboy-Way-Anna-TX-75409/304052859_zpid/,"419 Cowboy Way, Anna, TX 75409"
279000.0,32.012825,-97.1154,FOR_SALE,276400,2100,/homedetails/201-Country-Club-Rd-Hillsboro-TX-76645/87331705_zpid/,"201 Country Club Rd, Hillsboro, TX 76645"
324995.0,31.054045,-97.372955,FOR_SALE,324300,1898,/homedetails/1322-Paseo-Del-Cobre-Temple-TX-76502/49500910_zpid/,"1322 Paseo Del Cobre, Temple, TX 76502"
499000.0,29.810823,-94.832085,FOR_SALE,498200,1999,/homedetails/5833-S-Fm-565-Rd-Baytown-TX-77523/72476528_zpid/,"5833 S Fm 565 Rd, Baytown, TX 77523"
528500.0,29.667429,-95.68455,FOR_SALE,496200,2799,/homedetails/10011-Shire-Green-Ln-Richmond-TX-77407/84752187_zpid/,"10011 Shire Green Ln, Richmond, TX 77407"
629500.0,32.355877,-97.68106,FOR_SALE,627200,3424,/homedetails/8914-Brierfield-Rd-Granbury-TX-76049/80309096_zpid/,"8914 Brierfield Rd, Granbury, TX 76049"
415000.0,32.295605,-95.292465,FOR_SALE,417100,1795,/homedetails/819-Ashford-Ct-Tyler-TX-75703/52317034_zpid/,"819 Ashford Ct, Tyler, TX 75703"
294400.0,29.505678,-98.713036,FOR_SALE,294300,1867,/homedetails/11119-Armor-Arch-San-Antonio-TX-78254/83984384_zpid/,"11119 ARMOR ARCH, San Antonio, TX 78254"
450000.0,32.44376,-97.00513,FOR_SALE,,,/homedetails/950-Pimlico-Dr-Midlothian-TX-76065/67622543_zpid/,"950 Pimlico Dr, Midlothian, TX 76065"
340000.0,32.642384,-97.07271,FOR_SALE,342000,2417,/homedetails/2102-Gate-Pointe-Way-Arlington-TX-76018/29311068_zpid/,"2102 Gate Pointe Way, Arlington, TX 76018"
290000.0,31.97811,-102.14077,FOR_SALE,289500,2400,/homedetails/4900-Brownwood-Dr-Midland-TX-79703/50127074_zpid/,"4900 Brownwood Dr, Midland, TX 79703"
199000.0,31.83918,-102.41191,FOR_SALE,198700,1685,/homedetails/3706-W-10th-St-Odessa-TX-79763/50481356_zpid/,"3706 W 10th St, Odessa, TX 79763"
850000.0,33.080128,-97.09408,FOR_SALE,,,/homedetails/921-Shady-Meadow-Ct-Copper-Canyon-TX-75077/55144288_zpid/,"921 Shady Meadow Ct, Copper Canyon, TX 75077"
659000.0,33.272263,-96.79515,FOR_SALE,659400,3499,/homedetails/750-Corner-Post-Path-Celina-TX-75009/249834746_zpid/,"750 Corner Post Path, Celina, TX 75009"
359000.0,30.09718,-95.249,FOR_SALE,358100,2256,/homedetails/21314-Sweet-Auburn-Ln-Porter-TX-77365/122527581_zpid/,"21314 Sweet Auburn Ln, Porter, TX 77365"
550000.0,30.213478,-97.80549,FOR_SALE,,,/homedetails/2116-Amur-Dr-Austin-TX-78745/83126248_zpid/,"2116 Amur Dr, Austin, TX 78745"
324000.0,29.58162,-95.14172,FOR_SALE,324700,2550,/homedetails/14630-Stilesboro-Ct-Houston-TX-77062/28495336_zpid/,"14630 Stilesboro Ct, Houston, TX 77062"
245000.0,33.590137,-101.96205,FOR_SALE,,,/homedetails/6726-6th-St-Lubbock-TX-79416/63549068_zpid/,"6726 6th St, Lubbock, TX 79416"
385000.0,32.811928,-94.617424,FOR_SALE,383300,1632,/homedetails/220-Dale-Ln-Avinger-TX-75630/118587650_zpid/,"220 Dale Ln, Avinger, TX 75630"
199000.0,31.89087,-102.366264,FOR_SALE,197600,1843,/homedetails/1514-Falcon-Dr-Odessa-TX-79762/50467259_zpid/,"1514 Falcon Dr, Odessa, TX 79762"
324150.0,29.808306,-97.99556,FOR_SALE,,,/homedetails/105-Shugart-St-San-Marcos-TX-78666/2055744579_zpid/,"105 Shugart St, San Marcos, TX 78666"
875000.0,30.191435,-97.89267,FOR_SALE,,,/homedetails/10705-Walebridge-Ct-Austin-TX-78739/29504983_zpid/,"10705 Walebridge Ct, Austin, TX 78739"
1695000.0,29.737646,-98.27332,FOR_SALE,,,/homedetails/5978-Colin-Rdg-New-Braunfels-TX-78132/313222035_zpid/,"5978 Colin Ridge, New Braunfels, TX 78132"
245500.0,33.58618,-96.17073,FOR_SALE,244800,1906,/homedetails/801-E-14th-St-Bonham-TX-75418/90348608_zpid/,"801 E 14th St, Bonham, TX 75418"
1250000.0,30.435436,-97.71256,FOR_SALE,,,/homedetails/4403-Secluded-Holw-Austin-TX-78727/29446243_zpid/,"4403 Secluded Holw, Austin, TX 78727"
349500.0,32.886658,-97.2074,FOR_SALE,,2594,/homedetails/8201-Sayers-Ln-North-Richland-Hills-TX-76182/63417062_zpid/,"8201 Sayers Ln, North Richland Hills, TX 76182"
1199995.0,30.22058,-97.90993,FOR_SALE,,,/homedetails/9412-El-Rey-Blvd-Austin-TX-78737/29484772_zpid/,"9412 El Rey Blvd, Austin, TX 78737"
365000.0,29.572088,-95.24133,FOR_SALE,364600,2475,/homedetails/1904-Thunder-Ridge-Way-Houston-TX-77089/161435476_zpid/,"1904 Thunder Ridge Way, Houston, TX 77089"
319000.0,29.888832,-95.48734,FOR_SALE,318800,2199,/homedetails/6519-Log-Hollow-Dr-Houston-TX-77088/28271177_zpid/,"6519 Log Hollow Dr, Houston, TX 77088"
110000.0,31.86494,-102.39988,FOR_SALE,,,/homedetails/2704-Brazos-Ave-Odessa-TX-79764/50460461_zpid/,"2704 Brazos Ave, Odessa, TX 79764"
750000.0,30.697107,-97.68684,FOR_SALE,,,/homedetails/902-Prairie-Dunes-Dr-Georgetown-TX-78628/88019076_zpid/,"902 Prairie Dunes Dr, Georgetown, TX 78628"
1075000.0,30.199568,-97.915886,FOR_SALE,,,/homedetails/11029-Tornasol-Ln-Austin-TX-78739/83830533_zpid/,"11029 Tornasol Ln, Austin, TX 78739"
355000.0,30.668978,-95.52634,FOR_SALE,351800,1982,/homedetails/1042-Broadmoor-Dr-Huntsville-TX-77340/90582430_zpid/,"1042 Broadmoor Dr, Huntsville, TX 77340"
289750.0,29.696224,-95.501854,FOR_SALE,288900,1949,/homedetails/6717-Triola-Ln-Houston-TX-77074/28004443_zpid/,"6717 Triola Ln, Houston, TX 77074"
299900.0,29.916857,-98.241585,FOR_SALE,299400,1849,/homedetails/1496-Tamarack-Dr-Canyon-Lake-TX-78133/26575980_zpid/,"1496 Tamarack Dr, Canyon Lake, TX 78133"
349500.0,31.614222,-94.64657,FOR_SALE,344400,1500,/homedetails/1226-Garner-St-Nacogdoches-TX-75961/87464573_zpid/,"1226 Garner St, Nacogdoches, TX 75961"
325000.0,33.018566,-95.14323,FOR_SALE,322700,616,/homedetails/76-Private-Road-52426-Leesburg-TX-75451/317228740_zpid/,"76 Private Road 52426, Leesburg, TX 75451"
198000.0,29.73116,-95.000786,FOR_SALE,196900,1474,/homedetails/1133-S-Airhart-Dr-Baytown-TX-77520/27813403_zpid/,"1133 S Airhart Dr, Baytown, TX 77520"
1950000.0,30.005766,-98.004715,FOR_SALE,1938600,7101,/homedetails/421-Bluff-View-Rd-Wimberley-TX-78676/119620131_zpid/,"421 Bluff View Rd, Wimberley, TX 78676"
339900.0,33.093086,-95.26924,FOR_SALE,339400,2496,/homedetails/434-Fm-900-Mount-Vernon-TX-75457/243665531_zpid/,"434 Fm 900, Mount Vernon, TX 75457"
525000.0,29.62218,-98.47175,FOR_SALE,525500,3223,/homedetails/19230-Boltmore-Bay-San-Antonio-TX-78258/80033608_zpid/,"19230 BOLTMORE BAY, San Antonio, TX 78258"
385000.0,32.440388,-96.82973,FOR_SALE,365200,2595,/homedetails/128-Althea-Dr-Waxahachie-TX-75165/122325468_zpid/,"128 Althea Dr, Waxahachie, TX 75165"
195000.0,29.936869,-93.92296,FOR_SALE,175800,1418,/homedetails/3719-Lay-Ave-Groves-TX-77619/50406822_zpid/,"3719 Lay Ave, Groves, TX 77619"
265000.0,29.556879,-98.43042,FOR_SALE,266100,1811,/homedetails/3658-Ridge-Cluster-St-San-Antonio-TX-78247/26416677_zpid/,"3658 RIDGE CLUSTER ST, San Antonio, TX 78247"
385000.0,30.024343,-95.62799,FOR_SALE,385000,2435,/homedetails/12931-Taper-Reach-Dr-Tomball-TX-77377/121117260_zpid/,"12931 Taper Reach Dr, Tomball, TX 77377"
168000.0,31.79457,-94.18805,FOR_SALE,166100,1200,/homedetails/325-Wheeler-Ave-Center-TX-75935/87540053_zpid/,"325 Wheeler Ave, Center, TX 75935"
399900.0,32.667862,-97.515366,FOR_SALE,,,/homedetails/5668-Castle-Peak-Bnd-Fort-Worth-TX-76126/2055747246_zpid/,"5668 Castle Peak Bnd, Fort Worth, TX 76126"
319000.0,32.927853,-96.60685,FOR_SALE,321000,1990,/homedetails/1914-Sage-Dr-Garland-TX-75040/27037162_zpid/,"1914 Sage Dr, Garland, TX 75040"
325000.0,32.020737,-102.1294,FOR_SALE,,,/homedetails/3315-Windsor-Dr-Midland-TX-79707/50141757_zpid/,"3315 Windsor Dr, Midland, TX 79707"
317380.0,30.658098,-97.812065,FOR_SALE,,,/homedetails/14-Bent-Trail-Ln-Georgetown-TX-78628/2055758657_zpid/,"14 Bent Trail Ln, Georgetown, TX 78628"
445000.0,32.89314,-96.4374,FOR_SALE,444300,3182,/homedetails/1518-Westfield-Ln-Rockwall-TX-75032/55676249_zpid/,"1518 Westfield Ln, Rockwall, TX 75032"
265000.0,29.493767,-98.62734,FOR_SALE,,,/homedetails/6610-Huebner-Rd-Leon-Valley-TX-78238/26157689_zpid/,"6610 HUEBNER RD, Leon Valley, TX 78238"
275000.0,29.717068,-95.66446,FOR_SALE,274900,1849,/homedetails/3718-Gamlin-Bend-Dr-Houston-TX-77082/28416455_zpid/,"3718 Gamlin Bend Dr, Houston, TX 77082"
219999.0,29.562586,-95.298836,FOR_SALE,220600,1849,/homedetails/2405-Cunningham-Dr-Pearland-TX-77581/26523249_zpid/,"2405 Cunningham Dr, Pearland, TX 77581"
369500.0,32.527138,-94.71268,FOR_SALE,370700,2495,/homedetails/1600-Shawnee-Dr-Longview-TX-75605/80246474_zpid/,"1600 Shawnee Dr, Longview, TX 75605"
325000.0,30.103142,-95.56403,FOR_SALE,324100,2250,/homedetails/23034-Ari-Creek-Way-Tomball-TX-77375/161439612_zpid/,"23034 Ari Creek Way, Tomball, TX 77375"
575000.0,30.823833,-97.9824,FOR_SALE,,2942,/homedetails/262-County-Road-215-Bertram-TX-78605/2063169303_zpid/,"262 CR 215, Bertram, TX 78605"
351525.0,33.727905,-96.56572,FOR_SALE,,,/homedetails/3006-Jennifer-Ave-Denison-TX-75020/2055758086_zpid/,"3006 Jennifer Ave, Denison, TX 75020"
415000.0,33.027325,-97.002525,FOR_SALE,421800,2780,/homedetails/1502-Live-Oak-Dr-Lewisville-TX-75067/27262762_zpid/,"1502 Live Oak Dr, Lewisville, TX 75067"
235000.0,32.65829,-97.253075,FOR_SALE,236100,1835,/homedetails/4720-Woody-Ln-Forest-Hill-TX-76140/29130250_zpid/,"4720 Woody Ln, Forest Hill, TX 76140"
343900.0,33.07374,-97.30145,FOR_SALE,343700,2250,/homedetails/130-Reatta-Dr-Justin-TX-76247/89519817_zpid/,"130 Reatta Dr, Justin, TX 76247"
485000.0,30.579636,-97.60935,FOR_SALE,,,/homedetails/4539-Avellino-Dr-Round-Rock-TX-78665/2055771286_zpid/,"4539 Avellino Dr, Round Rock, TX 78665"
89900.0,32.462463,-99.75648,FOR_SALE,,,/homedetails/1117-Fannin-St-Abilene-TX-79603/53345060_zpid/,"1117 Fannin St, Abilene, TX 79603"
350000.0,32.90255,-96.64758,FOR_SALE,353600,2149,/homedetails/1323-Degge-Cir-Garland-TX-75040/27060164_zpid/,"1323 Degge Cir, Garland, TX 75040"
250000.0,28.950792,-95.35263,FOR_SALE,247900,1094,/homedetails/513-W-Broad-St-Freeport-TX-77541/26510223_zpid/,"513 W Broad St, Freeport, TX 77541"
299980.0,30.55471,-97.53449,FOR_SALE,,,/homedetails/409-Clarks-Way-Hutto-TX-78634/29608315_zpid/,"409 Clarks Way, Hutto, TX 78634"
185000.0,28.41827,-97.7432,FOR_SALE,,1374,/homedetails/1309-Retama-St-Beeville-TX-78102/90269608_zpid/,"1309 Retama St, Beeville, TX 78102"
